Aeroporto de Origem Designador OACI;Nome/UF/País Origem;Aeroporto de Destino Designador OACI;Nome/UF/País Destino;Etapas Previstas;% de Cancelamentos;% de Atrasos Superiores a 30 min;% de Atrasos Superiores a 60 min
EDDF;FRANKFURT INTERNATIONAL AIRPORT(, ALEMANHA);SBGR;GUARULHOS - GOVERNADOR ANDRÉ FRANCO MONTORO(SP, BRASIL);47;0;12,77;0
EHAM;AMSTERDAM AIRPORT SCHIPHOL(, HOLANDA);SBGL;AEROPORTO INTERNACIONAL DO RIO DE JANEIRO (GALEÃO) - ANTONIO CARLOS JOBIM(RJ, BRASIL);21;0;0;0
EHAM;AMSTERDAM AIRPORT SCHIPHOL(, HOLANDA);SBGR;GUARULHOS - GOVERNADOR ANDRÉ FRANCO MONTORO(SP, BRASIL);30;6,67;35,71;35,71
HAAB;BOLE INTERNATIONAL AIRPORT(, ETIÓPIA);SBGR;GUARULHOS - GOVERNADOR ANDRÉ FRANCO MONTORO(SP, BRASIL);29;41,38;29,41;0
KATL;HARTSFIELD JACKSON ATLANTA INTERNATIONAL AIRPORT(, ESTADOS UNIDOS DA AMÉRICA);SBGR;GUARULHOS - GOVERNADOR ANDRÉ FRANCO MONTORO(SP, BRASIL);30;0;33,33;13,33
KDFW;DALLAS-FORT WORTH INTERNATIONAL AIRPORT(, ESTADOS UNIDOS DA AMÉRICA);SBGR;GUARULHOS - GOVERNADOR ANDRÉ FRANCO MONTORO(SP, BRASIL);30;3,33;10,34;10,34
KEWR;NEWARK LIBERTY INTERNATIONAL AIRPORT(, ESTADOS UNIDOS DA AMÉRICA);SBGR;GUARULHOS - GOVERNADOR ANDRÉ FRANCO MONTORO(SP, BRASIL);30;0;3,33;3,33
KFLL;FORT LAUDERDALE-HOLLYWOOD INTERNATIONAL AIRPORT(, ESTADOS UNIDOS DA AMÉRICA);SBKP;VIRACOPOS(SP, BRASIL);13;92,31;100;100
KIAH;GEORGE BUSH INTERCONTINENTAL AIRPORT(, ESTADOS UNIDOS DA AMÉRICA);SBGL;AEROPORTO INTERNACIONAL DO RIO DE JANEIRO (GALEÃO) - ANTONIO CARLOS JOBIM(RJ, BRASIL);21;0;4,76;4,76
KIAH;GEORGE BUSH INTERCONTINENTAL AIRPORT(, ESTADOS UNIDOS DA AMÉRICA);SBGR;GUARULHOS - GOVERNADOR ANDRÉ FRANCO MONTORO(SP, BRASIL);30;3,33;6,9;3,45
KJFK;JOHN F. KENNEDY INTERNATIONAL AIRPORT(, ESTADOS UNIDOS DA AMÉRICA);SBGR;GUARULHOS - GOVERNADOR ANDRÉ FRANCO MONTORO(SP, BRASIL);59;3,39;3,51;1,75
KMEM;MEMPHIS INTERNATIONAL AIRPORT(, ESTADOS UNIDOS DA AMÉRICA);SBKP;VIRACOPOS(SP, BRASIL);26;3,85;48;12
KMEM;MEMPHIS INTERNATIONAL AIRPORT(, ESTADOS UNIDOS DA AMÉRICA);TJBQ;RAFAEL HERNÁNDEZ AIRPORT(, PORTO RICO);4;0;50;25
KMIA;MIAMI INTERNATIONAL AIRPORT(, ESTADOS UNIDOS DA AMÉRICA);SBEG;EDUARDO GOMES(AM, BRASIL);13;46,15;0;0
KMIA;MIAMI INTERNATIONAL AIRPORT(, ESTADOS UNIDOS DA AMÉRICA);SBGL;AEROPORTO INTERNACIONAL DO RIO DE JANEIRO (GALEÃO) - ANTONIO CARLOS JOBIM(RJ, BRASIL);29;3,45;10,71;3,57
KMIA;MIAMI INTERNATIONAL AIRPORT(, ESTADOS UNIDOS DA AMÉRICA);SBGR;GUARULHOS - GOVERNADOR ANDRÉ FRANCO MONTORO(SP, BRASIL);42;2,38;9,76;7,32
KORD;O´HARE INTERNATIONAL AIRPORT(, ESTADOS UNIDOS DA AMÉRICA);SBGR;GUARULHOS - GOVERNADOR ANDRÉ FRANCO MONTORO(SP, BRASIL);9;0;11,11;11,11
LEMD;ADOLFO SUÁREZ MADRID-BARAJAS AIRPORT(, ESPANHA);SBGR;GUARULHOS - GOVERNADOR ANDRÉ FRANCO MONTORO(SP, BRASIL);39;2,56;2,63;2,63
LFPG;PARIS-CHARLES DE GAULLE AIRPORT (ROISSY AIRPORT)(, FRANÇA);SBGL;AEROPORTO INTERNACIONAL DO RIO DE JANEIRO (GALEÃO) - ANTONIO CARLOS JOBIM(RJ, BRASIL);14;7,14;23,08;15,38
LFPG;PARIS-CHARLES DE GAULLE AIRPORT (ROISSY AIRPORT)(, FRANÇA);SBGR;GUARULHOS - GOVERNADOR ANDRÉ FRANCO MONTORO(SP, BRASIL);26;15,38;0;0
LPPR;PORTO(, PORTUGAL);SBGL;AEROPORTO INTERNACIONAL DO RIO DE JANEIRO (GALEÃO) - ANTONIO CARLOS JOBIM(RJ, BRASIL);2;0;0;0
LPPT;LISBOA(, PORTUGAL);SBBR;PRESIDENTE JUSCELINO KUBITSCHEK(DF, BRASIL);6;33,33;0;0
LPPT;LISBOA(, PORTUGAL);SBCF;TANCREDO NEVES(MG, BRASIL);6;16,67;0;0
LPPT;LISBOA(, PORTUGAL);SBFZ;PINTO MARTINS(CE, BRASIL);8;12,5;0;0
LPPT;LISBOA(, PORTUGAL);SBGL;AEROPORTO INTERNACIONAL DO RIO DE JANEIRO (GALEÃO) - ANTONIO CARLOS JOBIM(RJ, BRASIL);14;35,71;0;0
LPPT;LISBOA(, PORTUGAL);SBGR;GUARULHOS - GOVERNADOR ANDRÉ FRANCO MONTORO(SP, BRASIL);22;18,18;16,67;0
LPPT;LISBOA(, PORTUGAL);SBKP;VIRACOPOS(SP, BRASIL);6;0;16,67;0
LPPT;LISBOA(, PORTUGAL);SBRF;GUARARAPES - GILBERTO FREYRE(PE, BRASIL);9;11,11;12,5;0
LPPT;LISBOA(, PORTUGAL);SBSV;DEPUTADO LUÍS EDUARDO MAGALHÃES(BA, BRASIL);6;16,67;20;20
LSZH;ZÜRICH AIRPORT (KLOTEN AIRPORT)(, SUÍÇA);SBGL;AEROPORTO INTERNACIONAL DO RIO DE JANEIRO (GALEÃO) - ANTONIO CARLOS JOBIM(RJ, BRASIL);9;100;0;0
LSZH;ZÜRICH AIRPORT (KLOTEN AIRPORT)(, SUÍÇA);SBGR;GUARULHOS - GOVERNADOR ANDRÉ FRANCO MONTORO(SP, BRASIL);22;0;0;0
LTFM;ISTANBUL AIRPORT(, TURQUIA);SBGR;GUARULHOS - GOVERNADOR ANDRÉ FRANCO MONTORO(SP, BRASIL);13;0;92,31;30,77
MMMX;BENITO JUAREZ INTL(, MÉXICO);SBGR;GUARULHOS - GOVERNADOR ANDRÉ FRANCO MONTORO(SP, BRASIL);43;0;6,98;0
MPTO;TOCUMEN INTL(, PANAMÁ);SBBR;PRESIDENTE JUSCELINO KUBITSCHEK(DF, BRASIL);17;41,18;0;0
MPTO;TOCUMEN INTL(, PANAMÁ);SBCF;TANCREDO NEVES(MG, BRASIL);13;69,23;0;0
MPTO;TOCUMEN INTL(, PANAMÁ);SBGL;AEROPORTO INTERNACIONAL DO RIO DE JANEIRO (GALEÃO) - ANTONIO CARLOS JOBIM(RJ, BRASIL);20;35;0;0
MPTO;TOCUMEN INTL(, PANAMÁ);SBGR;GUARULHOS - GOVERNADOR ANDRÉ FRANCO MONTORO(SP, BRASIL);55;10,91;0;0
MPTO;TOCUMEN INTL(, PANAMÁ);SBPA;SALGADO FILHO(RS, BRASIL);15;13,33;0;0
OMDB;DUBAI(, EMIRADOS ÁRABES UNIDOS);SBGR;GUARULHOS - GOVERNADOR ANDRÉ FRANCO MONTORO(SP, BRASIL);22;0;0;0
OTHH;HAMAD INTERNATIONAL AIRPORT(, QATAR);SBGR;GUARULHOS - GOVERNADOR ANDRÉ FRANCO MONTORO(SP, BRASIL);43;0;72,09;6,98
SABE;JORGE NEWBERY AIRPORT(, ARGENTINA);SBFL;HERCÍLIO LUZ(SC, BRASIL);2;100;0;0
SABE;JORGE NEWBERY AIRPORT(, ARGENTINA);SBGL;AEROPORTO INTERNACIONAL DO RIO DE JANEIRO (GALEÃO) - ANTONIO CARLOS JOBIM(RJ, BRASIL);9;88,89;0;0
SABE;JORGE NEWBERY AIRPORT(, ARGENTINA);SBGR;GUARULHOS - GOVERNADOR ANDRÉ FRANCO MONTORO(SP, BRASIL);5;60;50;50
SAEZ;MINISTRO PISTARINI INTERNATIONAL AIRPORT (EZEIZA INTERNATIONAL AIRPORT)(, ARGENTINA);SBGR;GUARULHOS - GOVERNADOR ANDRÉ FRANCO MONTORO(SP, BRASIL);38;60,53;26,67;13,33
SBAE;BAURU/AREALVA (SJTC*)(SP, BRASIL);SBKP;VIRACOPOS(SP, BRASIL);26;0;3,85;0
SBAR;SANTA MARIA(SE, BRASIL);SBBR;PRESIDENTE JUSCELINO KUBITSCHEK(DF, BRASIL);17;0;0;0
SBAR;SANTA MARIA(SE, BRASIL);SBGL;AEROPORTO INTERNACIONAL DO RIO DE JANEIRO (GALEÃO) - ANTONIO CARLOS JOBIM(RJ, BRASIL);12;25;0;0
SBAR;SANTA MARIA(SE, BRASIL);SBGR;GUARULHOS - GOVERNADOR ANDRÉ FRANCO MONTORO(SP, BRASIL);40;2,5;7,69;2,56
SBAR;SANTA MARIA(SE, BRASIL);SBRF;GUARARAPES - GILBERTO FREYRE(PE, BRASIL);99;0;5,05;2,02
SBAT;PILOTO OSVALDO MARQUES DIAS(MT, BRASIL);SBCY;MARECHAL RONDON(MT, BRASIL);12;0;0;0
SBAU;ESTADUAL DARIO GUARITA(SP, BRASIL);SBGR;GUARULHOS - GOVERNADOR ANDRÉ FRANCO MONTORO(SP, BRASIL);5;0;0;0
SBAU;ESTADUAL DARIO GUARITA(SP, BRASIL);SBKP;VIRACOPOS(SP, BRASIL);26;0;7,69;7,69
SBBE;INTERNACIONAL DE BELÉM/VAL DE CANS/JÚLIO CEZAR RIBEIRO(PA, BRASIL);SBBR;PRESIDENTE JUSCELINO KUBITSCHEK(DF, BRASIL);33;6,06;6,45;3,23
SBBE;INTERNACIONAL DE BELÉM/VAL DE CANS/JÚLIO CEZAR RIBEIRO(PA, BRASIL);SBCF;TANCREDO NEVES(MG, BRASIL);31;0;9,68;3,23
SBBE;INTERNACIONAL DE BELÉM/VAL DE CANS/JÚLIO CEZAR RIBEIRO(PA, BRASIL);SBCJ;CARAJÁS(PA, BRASIL);9;0;0;0
SBBE;INTERNACIONAL DE BELÉM/VAL DE CANS/JÚLIO CEZAR RIBEIRO(PA, BRASIL);SBEG;EDUARDO GOMES(AM, BRASIL);47;0;10,64;6,38
SBBE;INTERNACIONAL DE BELÉM/VAL DE CANS/JÚLIO CEZAR RIBEIRO(PA, BRASIL);SBFZ;PINTO MARTINS(CE, BRASIL);47;2,13;4,35;0
SBBE;INTERNACIONAL DE BELÉM/VAL DE CANS/JÚLIO CEZAR RIBEIRO(PA, BRASIL);SBGR;GUARULHOS - GOVERNADOR ANDRÉ FRANCO MONTORO(SP, BRASIL);19;0;10,53;5,26
SBBE;INTERNACIONAL DE BELÉM/VAL DE CANS/JÚLIO CEZAR RIBEIRO(PA, BRASIL);SBHT;ALTAMIRA(PA, BRASIL);19;0;0;0
SBBE;INTERNACIONAL DE BELÉM/VAL DE CANS/JÚLIO CEZAR RIBEIRO(PA, BRASIL);SBIZ;PREFEITO RENATO MOREIRA(MA, BRASIL);9;0;0;0
SBBE;INTERNACIONAL DE BELÉM/VAL DE CANS/JÚLIO CEZAR RIBEIRO(PA, BRASIL);SBKP;VIRACOPOS(SP, BRASIL);43;0;4,65;0
SBBE;INTERNACIONAL DE BELÉM/VAL DE CANS/JÚLIO CEZAR RIBEIRO(PA, BRASIL);SBMA;JOÃO CORREA DA ROCHA(PA, BRASIL);29;0;0;0
SBBE;INTERNACIONAL DE BELÉM/VAL DE CANS/JÚLIO CEZAR RIBEIRO(PA, BRASIL);SBMD;MONTE DOURADO(PA, BRASIL);21;9,52;5,26;5,26
SBBE;INTERNACIONAL DE BELÉM/VAL DE CANS/JÚLIO CEZAR RIBEIRO(PA, BRASIL);SBMQ;ALBERTO ALCOLUMBRE(AP, BRASIL);79;5,06;8;0
SBBE;INTERNACIONAL DE BELÉM/VAL DE CANS/JÚLIO CEZAR RIBEIRO(PA, BRASIL);SBRF;GUARARAPES - GILBERTO FREYRE(PE, BRASIL);57;3,51;1,82;1,82
SBBE;INTERNACIONAL DE BELÉM/VAL DE CANS/JÚLIO CEZAR RIBEIRO(PA, BRASIL);SBSN;MAESTRO WILSON FONSECA(PA, BRASIL);46;8,7;2,38;2,38
SBBE;INTERNACIONAL DE BELÉM/VAL DE CANS/JÚLIO CEZAR RIBEIRO(PA, BRASIL);SNVS;BREVES(PA, BRASIL);21;19,05;5,88;0
SBBR;PRESIDENTE JUSCELINO KUBITSCHEK(DF, BRASIL);LPPT;LISBOA(, PORTUGAL);4;25;0;0
SBBR;PRESIDENTE JUSCELINO KUBITSCHEK(DF, BRASIL);MPTO;TOCUMEN INTL(, PANAMÁ);17;52,94;0;0
SBBR;PRESIDENTE JUSCELINO KUBITSCHEK(DF, BRASIL);SBAR;SANTA MARIA(SE, BRASIL);17;0;0;0
SBBR;PRESIDENTE JUSCELINO KUBITSCHEK(DF, BRASIL);SBBE;INTERNACIONAL DE BELÉM/VAL DE CANS/JÚLIO CEZAR RIBEIRO(PA, BRASIL);33;3,03;3,13;0
SBBR;PRESIDENTE JUSCELINO KUBITSCHEK(DF, BRASIL);SBBV;ATLAS BRASIL CANTANHEDE(RR, BRASIL);29;3,45;3,57;3,57
SBBR;PRESIDENTE JUSCELINO KUBITSCHEK(DF, BRASIL);SBCF;TANCREDO NEVES(MG, BRASIL);129;0,78;2,34;0,78
SBBR;PRESIDENTE JUSCELINO KUBITSCHEK(DF, BRASIL);SBCG;CAMPO GRANDE(MS, BRASIL);22;0;0;0
SBBR;PRESIDENTE JUSCELINO KUBITSCHEK(DF, BRASIL);SBCJ;CARAJÁS(PA, BRASIL);5;0;20;0
SBBR;PRESIDENTE JUSCELINO KUBITSCHEK(DF, BRASIL);SBCT;AFONSO PENA(PR, BRASIL);32;0;0;0
SBBR;PRESIDENTE JUSCELINO KUBITSCHEK(DF, BRASIL);SBCY;MARECHAL RONDON(MT, BRASIL);40;2,5;0;0
SBBR;PRESIDENTE JUSCELINO KUBITSCHEK(DF, BRASIL);SBEG;EDUARDO GOMES(AM, BRASIL);45;0;0;0
SBBR;PRESIDENTE JUSCELINO KUBITSCHEK(DF, BRASIL);SBFL;HERCÍLIO LUZ(SC, BRASIL);20;0;0;0
SBBR;PRESIDENTE JUSCELINO KUBITSCHEK(DF, BRASIL);SBFZ;PINTO MARTINS(CE, BRASIL);71;11,27;0;0
SBBR;PRESIDENTE JUSCELINO KUBITSCHEK(DF, BRASIL);SBGL;AEROPORTO INTERNACIONAL DO RIO DE JANEIRO (GALEÃO) - ANTONIO CARLOS JOBIM(RJ, BRASIL);24;4,17;0;0
SBBR;PRESIDENTE JUSCELINO KUBITSCHEK(DF, BRASIL);SBGO;SANTA GENOVEVA/GOIÂNIA(GO, BRASIL);34;14,71;0;0
SBBR;PRESIDENTE JUSCELINO KUBITSCHEK(DF, BRASIL);SBGR;GUARULHOS - GOVERNADOR ANDRÉ FRANCO MONTORO(SP, BRASIL);172;2,91;0,6;0,6
SBBR;PRESIDENTE JUSCELINO KUBITSCHEK(DF, BRASIL);SBJP;PRESIDENTE CASTRO PINTO(PB, BRASIL);23;0;0;0
SBBR;PRESIDENTE JUSCELINO KUBITSCHEK(DF, BRASIL);SBKP;VIRACOPOS(SP, BRASIL);141;1,42;0,72;0
SBBR;PRESIDENTE JUSCELINO KUBITSCHEK(DF, BRASIL);SBMA;JOÃO CORREA DA ROCHA(PA, BRASIL);23;0;4,35;0
SBBR;PRESIDENTE JUSCELINO KUBITSCHEK(DF, BRASIL);SBMO;ZUMBI DOS PALMARES(AL, BRASIL);26;0;0;0
SBBR;PRESIDENTE JUSCELINO KUBITSCHEK(DF, BRASIL);SBMQ;ALBERTO ALCOLUMBRE(AP, BRASIL);13;0;0;0
SBBR;PRESIDENTE JUSCELINO KUBITSCHEK(DF, BRASIL);SBPA;SALGADO FILHO(RS, BRASIL);42;7,14;5,13;2,56
SBBR;PRESIDENTE JUSCELINO KUBITSCHEK(DF, BRASIL);SBPJ;BRIGADEIRO LYSIAS RODRIGUES(TO, BRASIL);19;5,26;0;0
SBBR;PRESIDENTE JUSCELINO KUBITSCHEK(DF, BRASIL);SBPV;GOVERNADOR JORGE TEIXEIRA DE OLIVEIRA(RO, BRASIL);14;0;0;0
SBBR;PRESIDENTE JUSCELINO KUBITSCHEK(DF, BRASIL);SBRB;PLÁCIDO DE CASTRO(AC, BRASIL);17;0;0;0
SBBR;PRESIDENTE JUSCELINO KUBITSCHEK(DF, BRASIL);SBRF;GUARARAPES - GILBERTO FREYRE(PE, BRASIL);79;3,8;1,32;1,32
SBBR;PRESIDENTE JUSCELINO KUBITSCHEK(DF, BRASIL);SBRJ;SANTOS DUMONT(RJ, BRASIL);165;0,61;0,61;0
SBBR;PRESIDENTE JUSCELINO KUBITSCHEK(DF, BRASIL);SBRP;LEITE LOPES(SP, BRASIL);1;0;0;0
SBBR;PRESIDENTE JUSCELINO KUBITSCHEK(DF, BRASIL);SBSG;GOVERNADOR ALUIZIO ALVES(RN, BRASIL);27;0;0;0
SBBR;PRESIDENTE JUSCELINO KUBITSCHEK(DF, BRASIL);SBSL;MARECHAL CUNHA MACHADO(MA, BRASIL);41;0;0;0
SBBR;PRESIDENTE JUSCELINO KUBITSCHEK(DF, BRASIL);SBSN;MAESTRO WILSON FONSECA(PA, BRASIL);13;0;7,69;7,69
SBBR;PRESIDENTE JUSCELINO KUBITSCHEK(DF, BRASIL);SBSP;CONGONHAS(SP, BRASIL);136;5,15;0,78;0
SBBR;PRESIDENTE JUSCELINO KUBITSCHEK(DF, BRASIL);SBSR;PROFESSOR ERIBERTO MANOEL REINO(SP, BRASIL);16;0;0;0
SBBR;PRESIDENTE JUSCELINO KUBITSCHEK(DF, BRASIL);SBSV;DEPUTADO LUÍS EDUARDO MAGALHÃES(BA, BRASIL);69;1,45;0;0
SBBR;PRESIDENTE JUSCELINO KUBITSCHEK(DF, BRASIL);SBTE;SENADOR PETRÔNIO PORTELLA(PI, BRASIL);38;0;2,63;2,63
SBBR;PRESIDENTE JUSCELINO KUBITSCHEK(DF, BRASIL);SBUL;TEN CEL AVIADOR CÉSAR BOMBONATO(MG, BRASIL);18;0;0;0
SBBR;PRESIDENTE JUSCELINO KUBITSCHEK(DF, BRASIL);SBVT;EURICO DE AGUIAR SALLES(ES, BRASIL);14;0;0;0
SBBR;PRESIDENTE JUSCELINO KUBITSCHEK(DF, BRASIL);SNBR;BARREIRAS(BA, BRASIL);9;0;0;0
SBBR;PRESIDENTE JUSCELINO KUBITSCHEK(DF, BRASIL);SWGN;ARAGUAÍNA(TO, BRASIL);8;0;0;0
SBBV;ATLAS BRASIL CANTANHEDE(RR, BRASIL);SBBR;PRESIDENTE JUSCELINO KUBITSCHEK(DF, BRASIL);29;6,9;0;0
SBBV;ATLAS BRASIL CANTANHEDE(RR, BRASIL);SBEG;EDUARDO GOMES(AM, BRASIL);30;0;13,33;6,67
SBBW;BARRA DO GARÇAS(MT, BRASIL);SBCY;MARECHAL RONDON(MT, BRASIL);14;0;0;0
SBBW;BARRA DO GARÇAS(MT, BRASIL);SBGO;SANTA GENOVEVA/GOIÂNIA(GO, BRASIL);2;0;0;0
SBCA;ADALBERTO MENDES DA SILVA(PR, BRASIL);SBGR;GUARULHOS - GOVERNADOR ANDRÉ FRANCO MONTORO(SP, BRASIL);9;0;0;0
SBCA;ADALBERTO MENDES DA SILVA(PR, BRASIL);SBKP;VIRACOPOS(SP, BRASIL);31;3,23;0;0
SBCF;TANCREDO NEVES(MG, BRASIL);LPPT;LISBOA(, PORTUGAL);4;0;0;0
SBCF;TANCREDO NEVES(MG, BRASIL);MPTO;TOCUMEN INTL(, PANAMÁ);13;69,23;0;0
SBCF;TANCREDO NEVES(MG, BRASIL);SBBE;INTERNACIONAL DE BELÉM/VAL DE CANS/JÚLIO CEZAR RIBEIRO(PA, BRASIL);30;0;0;0
SBCF;TANCREDO NEVES(MG, BRASIL);SBBR;PRESIDENTE JUSCELINO KUBITSCHEK(DF, BRASIL);129;0,78;1,56;0,78
SBCF;TANCREDO NEVES(MG, BRASIL);SBCJ;CARAJÁS(PA, BRASIL);17;0;0;0
SBCF;TANCREDO NEVES(MG, BRASIL);SBCT;AFONSO PENA(PR, BRASIL);2;0;0;0
SBCF;TANCREDO NEVES(MG, BRASIL);SBCY;MARECHAL RONDON(MT, BRASIL);26;0;0;0
SBCF;TANCREDO NEVES(MG, BRASIL);SBFL;HERCÍLIO LUZ(SC, BRASIL);1;0;0;0
SBCF;TANCREDO NEVES(MG, BRASIL);SBFZ;PINTO MARTINS(CE, BRASIL);4;0;0;0
SBCF;TANCREDO NEVES(MG, BRASIL);SBGO;SANTA GENOVEVA/GOIÂNIA(GO, BRASIL);60;1,67;6,78;3,39
SBCF;TANCREDO NEVES(MG, BRASIL);SBGR;GUARULHOS - GOVERNADOR ANDRÉ FRANCO MONTORO(SP, BRASIL);219;0,46;0,46;0,46
SBCF;TANCREDO NEVES(MG, BRASIL);SBGV;CORONEL ALTINO MACHADO(MG, BRASIL);30;0;0;0
SBCF;TANCREDO NEVES(MG, BRASIL);SBIL;BAHIA - JORGE AMADO(BA, BRASIL);30;6,67;0;0
SBCF;TANCREDO NEVES(MG, BRASIL);SBJE;JERICOACORA(CE, BRASIL);9;0;0;0
SBCF;TANCREDO NEVES(MG, BRASIL);SBJP;PRESIDENTE CASTRO PINTO(PB, BRASIL);2;0;0;0
SBCF;TANCREDO NEVES(MG, BRASIL);SBKP;VIRACOPOS(SP, BRASIL);159;0,63;2,53;1,9
SBCF;TANCREDO NEVES(MG, BRASIL);SBMK;MÁRIO RIBEIRO(MG, BRASIL);50;0;2;0
SBCF;TANCREDO NEVES(MG, BRASIL);SBMO;ZUMBI DOS PALMARES(AL, BRASIL);4;0;0;0
SBCF;TANCREDO NEVES(MG, BRASIL);SBPS;PORTO SEGURO(BA, BRASIL);35;0;0;0
SBCF;TANCREDO NEVES(MG, BRASIL);SBRF;GUARARAPES - GILBERTO FREYRE(PE, BRASIL);110;6,36;1,94;0,97
SBCF;TANCREDO NEVES(MG, BRASIL);SBRJ;SANTOS DUMONT(RJ, BRASIL);152;3,95;2,74;1,37
SBCF;TANCREDO NEVES(MG, BRASIL);SBSG;GOVERNADOR ALUIZIO ALVES(RN, BRASIL);3;0;0;0
SBCF;TANCREDO NEVES(MG, BRASIL);SBSL;MARECHAL CUNHA MACHADO(MA, BRASIL);43;0;4,65;4,65
SBCF;TANCREDO NEVES(MG, BRASIL);SBSP;CONGONHAS(SP, BRASIL);159;1,26;1,27;0
SBCF;TANCREDO NEVES(MG, BRASIL);SBSV;DEPUTADO LUÍS EDUARDO MAGALHÃES(BA, BRASIL);105;4,76;0;0
SBCF;TANCREDO NEVES(MG, BRASIL);SBUL;TEN CEL AVIADOR CÉSAR BOMBONATO(MG, BRASIL);61;0;1,64;0
SBCF;TANCREDO NEVES(MG, BRASIL);SBUR;MÁRIO DE ALMEIDA FRANCO(MG, BRASIL);22;0;0;0
SBCF;TANCREDO NEVES(MG, BRASIL);SBVC;GLAUBER DE ANDRADE ROCHA(BA, BRASIL);30;0;3,33;3,33
SBCF;TANCREDO NEVES(MG, BRASIL);SBVT;EURICO DE AGUIAR SALLES(ES, BRASIL);96;0;1,04;0
SBCF;TANCREDO NEVES(MG, BRASIL);SNBR;BARREIRAS(BA, BRASIL);16;6,25;0;0
SBCF;TANCREDO NEVES(MG, BRASIL);SNTF;TEIXEIRA DE FREITAS(BA, BRASIL);15;0;6,67;0
SBCG;CAMPO GRANDE(MS, BRASIL);SBBR;PRESIDENTE JUSCELINO KUBITSCHEK(DF, BRASIL);21;0;0;0
SBCG;CAMPO GRANDE(MS, BRASIL);SBGR;GUARULHOS - GOVERNADOR ANDRÉ FRANCO MONTORO(SP, BRASIL);81;3,7;1,28;0
SBCG;CAMPO GRANDE(MS, BRASIL);SBKP;VIRACOPOS(SP, BRASIL);55;0;0;0
SBCH;SERAFIN ENOSS BERTASO(SC, BRASIL);SBGR;GUARULHOS - GOVERNADOR ANDRÉ FRANCO MONTORO(SP, BRASIL);22;4,55;4,76;4,76
SBCH;SERAFIN ENOSS BERTASO(SC, BRASIL);SBKP;VIRACOPOS(SP, BRASIL);29;0;3,45;0
SBCH;SERAFIN ENOSS BERTASO(SC, BRASIL);SBSP;CONGONHAS(SP, BRASIL);13;0;0;0
SBCJ;CARAJÁS(PA, BRASIL);SBBE;INTERNACIONAL DE BELÉM/VAL DE CANS/JÚLIO CEZAR RIBEIRO(PA, BRASIL);9;0;0;0
SBCJ;CARAJÁS(PA, BRASIL);SBBR;PRESIDENTE JUSCELINO KUBITSCHEK(DF, BRASIL);5;0;0;0
SBCJ;CARAJÁS(PA, BRASIL);SBCF;TANCREDO NEVES(MG, BRASIL);17;0;0;0
SBCN;NELSON RODRIGUES GUIMARÃES(GO, BRASIL);SBKP;VIRACOPOS(SP, BRASIL);1;100;0;0
SBCR;CORUMBÁ(MS, BRASIL);SBKP;VIRACOPOS(SP, BRASIL);11;9,09;0;0
SBCT;AFONSO PENA(PR, BRASIL);SBBR;PRESIDENTE JUSCELINO KUBITSCHEK(DF, BRASIL);31;0;0;0
SBCT;AFONSO PENA(PR, BRASIL);SBCF;TANCREDO NEVES(MG, BRASIL);3;0;0;0
SBCT;AFONSO PENA(PR, BRASIL);SBFI;CATARATAS(PR, BRASIL);28;0;3,57;3,57
SBCT;AFONSO PENA(PR, BRASIL);SBGR;GUARULHOS - GOVERNADOR ANDRÉ FRANCO MONTORO(SP, BRASIL);150;2;0;0
SBCT;AFONSO PENA(PR, BRASIL);SBKP;VIRACOPOS(SP, BRASIL);154;1,3;2,63;1,32
SBCT;AFONSO PENA(PR, BRASIL);SBPA;SALGADO FILHO(RS, BRASIL);10;0;0;0
SBCT;AFONSO PENA(PR, BRASIL);SBRJ;SANTOS DUMONT(RJ, BRASIL);49;4,08;0;0
SBCT;AFONSO PENA(PR, BRASIL);SBSP;CONGONHAS(SP, BRASIL);46;0;0;0
SBCX;REGIONAL HUGO CANTERGIANI(RS, BRASIL);SBKP;VIRACOPOS(SP, BRASIL);25;0;4;0
SBCY;MARECHAL RONDON(MT, BRASIL);SBAT;PILOTO OSVALDO MARQUES DIAS(MT, BRASIL);12;0;0;0
SBCY;MARECHAL RONDON(MT, BRASIL);SBBR;PRESIDENTE JUSCELINO KUBITSCHEK(DF, BRASIL);41;2,44;0;0
SBCY;MARECHAL RONDON(MT, BRASIL);SBBW;BARRA DO GARÇAS(MT, BRASIL);14;0;7,14;7,14
SBCY;MARECHAL RONDON(MT, BRASIL);SBCF;TANCREDO NEVES(MG, BRASIL);26;0;0;0
SBCY;MARECHAL RONDON(MT, BRASIL);SBGR;GUARULHOS - GOVERNADOR ANDRÉ FRANCO MONTORO(SP, BRASIL);124;0;0;0
SBCY;MARECHAL RONDON(MT, BRASIL);SBKP;VIRACOPOS(SP, BRASIL);85;0;3,53;3,53
SBCY;MARECHAL RONDON(MT, BRASIL);SBPV;GOVERNADOR JORGE TEIXEIRA DE OLIVEIRA(RO, BRASIL);30;0;0;0
SBCY;MARECHAL RONDON(MT, BRASIL);SBSI;PRESIDENTE JOÃO BATISTA FIGUEIREDO(MT, BRASIL);22;4,55;0;0
SBCY;MARECHAL RONDON(MT, BRASIL);SBSP;CONGONHAS(SP, BRASIL);6;0;0;0
SBCY;MARECHAL RONDON(MT, BRASIL);SWHP;OLHOS D´ÁGUA(MT, BRASIL);13;0;7,69;0
SBCY;MARECHAL RONDON(MT, BRASIL);SWJN;JUÍNA(MT, BRASIL);5;0;0;0
SBCY;MARECHAL RONDON(MT, BRASIL);SWTS;TANGARÁ DA SERRA(MT, BRASIL);10;10;0;0
SBCZ;CRUZEIRO DO SUL(AC, BRASIL);SBRB;PLÁCIDO DE CASTRO(AC, BRASIL);17;0;0;0
SBDB;BONITO(MS, BRASIL);SBCR;CORUMBÁ(MS, BRASIL);11;9,09;10;0
SBDN;PRESIDENTE PRUDENTE(SP, BRASIL);SBGR;GUARULHOS - GOVERNADOR ANDRÉ FRANCO MONTORO(SP, BRASIL);8;0;0;0
SBDN;PRESIDENTE PRUDENTE(SP, BRASIL);SBKP;VIRACOPOS(SP, BRASIL);57;0;0;0
SBDO;DOURADOS(MS, BRASIL);SBKP;VIRACOPOS(SP, BRASIL);25;0;4;4
SBEG;EDUARDO GOMES(AM, BRASIL);KMIA;MIAMI INTERNATIONAL AIRPORT(, ESTADOS UNIDOS DA AMÉRICA);12;41,67;0;0
SBEG;EDUARDO GOMES(AM, BRASIL);SBBE;INTERNACIONAL DE BELÉM/VAL DE CANS/JÚLIO CEZAR RIBEIRO(PA, BRASIL);46;0;4,35;0
SBEG;EDUARDO GOMES(AM, BRASIL);SBBR;PRESIDENTE JUSCELINO KUBITSCHEK(DF, BRASIL);45;0;2,22;0
SBEG;EDUARDO GOMES(AM, BRASIL);SBBV;ATLAS BRASIL CANTANHEDE(RR, BRASIL);30;0;6,67;6,67
SBEG;EDUARDO GOMES(AM, BRASIL);SBFZ;PINTO MARTINS(CE, BRASIL);1;0;0;0
SBEG;EDUARDO GOMES(AM, BRASIL);SBGR;GUARULHOS - GOVERNADOR ANDRÉ FRANCO MONTORO(SP, BRASIL);34;0;0;0
SBEG;EDUARDO GOMES(AM, BRASIL);SBIH;ITAITUBA(PA, BRASIL);15;40;100;88,89
SBEG;EDUARDO GOMES(AM, BRASIL);SBKP;VIRACOPOS(SP, BRASIL);63;1,59;1,61;1,61
SBEG;EDUARDO GOMES(AM, BRASIL);SBPV;GOVERNADOR JORGE TEIXEIRA DE OLIVEIRA(RO, BRASIL);26;0;7,69;7,69
SBEG;EDUARDO GOMES(AM, BRASIL);SBSN;MAESTRO WILSON FONSECA(PA, BRASIL);14;21,43;18,18;9,09
SBEG;EDUARDO GOMES(AM, BRASIL);SBTF;TEFÉ(AM, BRASIL);27;11,11;8,33;4,17
SBEG;EDUARDO GOMES(AM, BRASIL);SBTT;TABATINGA(AM, BRASIL);21;9,52;5,26;0
SBEG;EDUARDO GOMES(AM, BRASIL);SBUA;SÃO GABRIEL DA CACHOEIRA(AM, BRASIL);14;28,57;40;20
SBEG;EDUARDO GOMES(AM, BRASIL);SWCA;CARAUARI(AM, BRASIL);12;16,67;30;30
SBEG;EDUARDO GOMES(AM, BRASIL);SWEI;EIRUNEPÉ(AM, BRASIL);4;0;0;0
SBEG;EDUARDO GOMES(AM, BRASIL);SWKO;COARI(AM, BRASIL);5;40;33,33;0
SBEG;EDUARDO GOMES(AM, BRASIL);SWPI;JÚLIO BÉLEM(AM, BRASIL);23;26,09;23,53;11,76
SBFI;CATARATAS(PR, BRASIL);SBCT;AFONSO PENA(PR, BRASIL);28;0;0;0
SBFI;CATARATAS(PR, BRASIL);SBGR;GUARULHOS - GOVERNADOR ANDRÉ FRANCO MONTORO(SP, BRASIL);98;1,02;0;0
SBFI;CATARATAS(PR, BRASIL);SBKP;VIRACOPOS(SP, BRASIL);30;0;10;3,33
SBFI;CATARATAS(PR, BRASIL);SBPA;SALGADO FILHO(RS, BRASIL);1;0;100;0
SBFI;CATARATAS(PR, BRASIL);SBSP;CONGONHAS(SP, BRASIL);1;0;0;0
SBFI;CATARATAS(PR, BRASIL);SCEL;COMODORO ARTURO MERINO BENÍTEZ INTERNATIONAL AIRPORT(, CHILE);9;100;0;0
SBFL;HERCÍLIO LUZ(SC, BRASIL);SABE;JORGE NEWBERY AIRPORT(, ARGENTINA);2;100;0;0
SBFL;HERCÍLIO LUZ(SC, BRASIL);SBBR;PRESIDENTE JUSCELINO KUBITSCHEK(DF, BRASIL);21;0;4,76;4,76
SBFL;HERCÍLIO LUZ(SC, BRASIL);SBCF;TANCREDO NEVES(MG, BRASIL);1;0;0;0
SBFL;HERCÍLIO LUZ(SC, BRASIL);SBGR;GUARULHOS - GOVERNADOR ANDRÉ FRANCO MONTORO(SP, BRASIL);156;1,92;1,31;1,31
SBFL;HERCÍLIO LUZ(SC, BRASIL);SBKP;VIRACOPOS(SP, BRASIL);112;0;0,89;0
SBFL;HERCÍLIO LUZ(SC, BRASIL);SBPA;SALGADO FILHO(RS, BRASIL);1;0;0;0
SBFL;HERCÍLIO LUZ(SC, BRASIL);SBRJ;SANTOS DUMONT(RJ, BRASIL);16;0;0;0
SBFL;HERCÍLIO LUZ(SC, BRASIL);SBSP;CONGONHAS(SP, BRASIL);31;0;0;0
SBFN;FERNANDO DE NORONHA(PE, BRASIL);SBRF;GUARARAPES - GILBERTO FREYRE(PE, BRASIL);63;1,59;4,84;1,61
SBFZ;PINTO MARTINS(CE, BRASIL);LPPT;LISBOA(, PORTUGAL);7;14,29;0;0
SBFZ;PINTO MARTINS(CE, BRASIL);SBBE;INTERNACIONAL DE BELÉM/VAL DE CANS/JÚLIO CEZAR RIBEIRO(PA, BRASIL);46;2,17;0;0
SBFZ;PINTO MARTINS(CE, BRASIL);SBBR;PRESIDENTE JUSCELINO KUBITSCHEK(DF, BRASIL);70;10;0;0
SBFZ;PINTO MARTINS(CE, BRASIL);SBCF;TANCREDO NEVES(MG, BRASIL);4;0;0;0
SBFZ;PINTO MARTINS(CE, BRASIL);SBGL;AEROPORTO INTERNACIONAL DO RIO DE JANEIRO (GALEÃO) - ANTONIO CARLOS JOBIM(RJ, BRASIL);28;7,14;3,85;0
SBFZ;PINTO MARTINS(CE, BRASIL);SBGR;GUARULHOS - GOVERNADOR ANDRÉ FRANCO MONTORO(SP, BRASIL);145;2,76;4,26;1,42
SBFZ;PINTO MARTINS(CE, BRASIL);SBKP;VIRACOPOS(SP, BRASIL);31;0;0;0
SBFZ;PINTO MARTINS(CE, BRASIL);SBRF;GUARARAPES - GILBERTO FREYRE(PE, BRASIL);127;0,79;3,17;0,79
SBFZ;PINTO MARTINS(CE, BRASIL);SBSL;MARECHAL CUNHA MACHADO(MA, BRASIL);14;0;0;0
SBFZ;PINTO MARTINS(CE, BRASIL);SBSP;CONGONHAS(SP, BRASIL);3;0;0;0
SBFZ;PINTO MARTINS(CE, BRASIL);SBSV;DEPUTADO LUÍS EDUARDO MAGALHÃES(BA, BRASIL);15;13,33;0;0
SBGL;AEROPORTO INTERNACIONAL DO RIO DE JANEIRO (GALEÃO) - ANTONIO CARLOS JOBIM(RJ, BRASIL);EHAM;AMSTERDAM AIRPORT SCHIPHOL(, HOLANDA);21;4,76;0;0
SBGL;AEROPORTO INTERNACIONAL DO RIO DE JANEIRO (GALEÃO) - ANTONIO CARLOS JOBIM(RJ, BRASIL);KIAH;GEORGE BUSH INTERCONTINENTAL AIRPORT(, ESTADOS UNIDOS DA AMÉRICA);22;4,55;0;0
SBGL;AEROPORTO INTERNACIONAL DO RIO DE JANEIRO (GALEÃO) - ANTONIO CARLOS JOBIM(RJ, BRASIL);KMIA;MIAMI INTERNATIONAL AIRPORT(, ESTADOS UNIDOS DA AMÉRICA);31;6,45;3,45;3,45
SBGL;AEROPORTO INTERNACIONAL DO RIO DE JANEIRO (GALEÃO) - ANTONIO CARLOS JOBIM(RJ, BRASIL);LFPG;PARIS-CHARLES DE GAULLE AIRPORT (ROISSY AIRPORT)(, FRANÇA);11;0;0;0
SBGL;AEROPORTO INTERNACIONAL DO RIO DE JANEIRO (GALEÃO) - ANTONIO CARLOS JOBIM(RJ, BRASIL);LPPR;PORTO(, PORTUGAL);2;0;0;0
SBGL;AEROPORTO INTERNACIONAL DO RIO DE JANEIRO (GALEÃO) - ANTONIO CARLOS JOBIM(RJ, BRASIL);LPPT;LISBOA(, PORTUGAL);10;30;14,29;0
SBGL;AEROPORTO INTERNACIONAL DO RIO DE JANEIRO (GALEÃO) - ANTONIO CARLOS JOBIM(RJ, BRASIL);LSZH;ZÜRICH AIRPORT (KLOTEN AIRPORT)(, SUÍÇA);9;100;0;0
SBGL;AEROPORTO INTERNACIONAL DO RIO DE JANEIRO (GALEÃO) - ANTONIO CARLOS JOBIM(RJ, BRASIL);MPTO;TOCUMEN INTL(, PANAMÁ);20;40;0;0
SBGL;AEROPORTO INTERNACIONAL DO RIO DE JANEIRO (GALEÃO) - ANTONIO CARLOS JOBIM(RJ, BRASIL);SABE;JORGE NEWBERY AIRPORT(, ARGENTINA);10;90;0;0
SBGL;AEROPORTO INTERNACIONAL DO RIO DE JANEIRO (GALEÃO) - ANTONIO CARLOS JOBIM(RJ, BRASIL);SBAR;SANTA MARIA(SE, BRASIL);12;25;0;0
SBGL;AEROPORTO INTERNACIONAL DO RIO DE JANEIRO (GALEÃO) - ANTONIO CARLOS JOBIM(RJ, BRASIL);SBBR;PRESIDENTE JUSCELINO KUBITSCHEK(DF, BRASIL);23;0;4,35;0
SBGL;AEROPORTO INTERNACIONAL DO RIO DE JANEIRO (GALEÃO) - ANTONIO CARLOS JOBIM(RJ, BRASIL);SBFZ;PINTO MARTINS(CE, BRASIL);27;7,41;0;0
SBGL;AEROPORTO INTERNACIONAL DO RIO DE JANEIRO (GALEÃO) - ANTONIO CARLOS JOBIM(RJ, BRASIL);SBGR;GUARULHOS - GOVERNADOR ANDRÉ FRANCO MONTORO(SP, BRASIL);105;7,62;0;0
SBGL;AEROPORTO INTERNACIONAL DO RIO DE JANEIRO (GALEÃO) - ANTONIO CARLOS JOBIM(RJ, BRASIL);SBJP;PRESIDENTE CASTRO PINTO(PB, BRASIL);13;0;0;0
SBGL;AEROPORTO INTERNACIONAL DO RIO DE JANEIRO (GALEÃO) - ANTONIO CARLOS JOBIM(RJ, BRASIL);SBKP;VIRACOPOS(SP, BRASIL);77;2,6;1,33;0
SBGL;AEROPORTO INTERNACIONAL DO RIO DE JANEIRO (GALEÃO) - ANTONIO CARLOS JOBIM(RJ, BRASIL);SBMO;ZUMBI DOS PALMARES(AL, BRASIL);12;16,67;0;0
SBGL;AEROPORTO INTERNACIONAL DO RIO DE JANEIRO (GALEÃO) - ANTONIO CARLOS JOBIM(RJ, BRASIL);SBRF;GUARARAPES - GILBERTO FREYRE(PE, BRASIL);22;4,55;4,76;0
SBGL;AEROPORTO INTERNACIONAL DO RIO DE JANEIRO (GALEÃO) - ANTONIO CARLOS JOBIM(RJ, BRASIL);SBSG;GOVERNADOR ALUIZIO ALVES(RN, BRASIL);9;11,11;0;0
SBGL;AEROPORTO INTERNACIONAL DO RIO DE JANEIRO (GALEÃO) - ANTONIO CARLOS JOBIM(RJ, BRASIL);SBSV;DEPUTADO LUÍS EDUARDO MAGALHÃES(BA, BRASIL);21;0;9,52;4,76
SBGO;SANTA GENOVEVA/GOIÂNIA(GO, BRASIL);SBBR;PRESIDENTE JUSCELINO KUBITSCHEK(DF, BRASIL);31;9,68;3,57;0
SBGO;SANTA GENOVEVA/GOIÂNIA(GO, BRASIL);SBBW;BARRA DO GARÇAS(MT, BRASIL);2;0;0;0
SBGO;SANTA GENOVEVA/GOIÂNIA(GO, BRASIL);SBCF;TANCREDO NEVES(MG, BRASIL);60;0;3,33;1,67
SBGO;SANTA GENOVEVA/GOIÂNIA(GO, BRASIL);SBGR;GUARULHOS - GOVERNADOR ANDRÉ FRANCO MONTORO(SP, BRASIL);81;4,94;0;0
SBGO;SANTA GENOVEVA/GOIÂNIA(GO, BRASIL);SBJD;AEROPORTO ESTADUAL DE JUNDIAÍ(SP, BRASIL);2;50;0;0
SBGO;SANTA GENOVEVA/GOIÂNIA(GO, BRASIL);SBKP;VIRACOPOS(SP, BRASIL);111;0;0,9;0
SBGO;SANTA GENOVEVA/GOIÂNIA(GO, BRASIL);SBRP;LEITE LOPES(SP, BRASIL);13;0;0;0
SBGO;SANTA GENOVEVA/GOIÂNIA(GO, BRASIL);SBSP;CONGONHAS(SP, BRASIL);8;0;0;0
SBGR;GUARULHOS - GOVERNADOR ANDRÉ FRANCO MONTORO(SP, BRASIL);EDDF;FRANKFURT INTERNATIONAL AIRPORT(, ALEMANHA);48;0;2,08;2,08
SBGR;GUARULHOS - GOVERNADOR ANDRÉ FRANCO MONTORO(SP, BRASIL);EHAM;AMSTERDAM AIRPORT SCHIPHOL(, HOLANDA);30;0;0;0
SBGR;GUARULHOS - GOVERNADOR ANDRÉ FRANCO MONTORO(SP, BRASIL);HAAB;BOLE INTERNATIONAL AIRPORT(, ETIÓPIA);29;37,93;0;0
SBGR;GUARULHOS - GOVERNADOR ANDRÉ FRANCO MONTORO(SP, BRASIL);KATL;HARTSFIELD JACKSON ATLANTA INTERNATIONAL AIRPORT(, ESTADOS UNIDOS DA AMÉRICA);30;3,33;6,9;3,45
SBGR;GUARULHOS - GOVERNADOR ANDRÉ FRANCO MONTORO(SP, BRASIL);KDFW;DALLAS-FORT WORTH INTERNATIONAL AIRPORT(, ESTADOS UNIDOS DA AMÉRICA);30;3,33;0;0
SBGR;GUARULHOS - GOVERNADOR ANDRÉ FRANCO MONTORO(SP, BRASIL);KEWR;NEWARK LIBERTY INTERNATIONAL AIRPORT(, ESTADOS UNIDOS DA AMÉRICA);30;0;3,33;0
SBGR;GUARULHOS - GOVERNADOR ANDRÉ FRANCO MONTORO(SP, BRASIL);KIAH;GEORGE BUSH INTERCONTINENTAL AIRPORT(, ESTADOS UNIDOS DA AMÉRICA);30;3,33;0;0
SBGR;GUARULHOS - GOVERNADOR ANDRÉ FRANCO MONTORO(SP, BRASIL);KJFK;JOHN F. KENNEDY INTERNATIONAL AIRPORT(, ESTADOS UNIDOS DA AMÉRICA);60;3,33;3,45;1,72
SBGR;GUARULHOS - GOVERNADOR ANDRÉ FRANCO MONTORO(SP, BRASIL);KMIA;MIAMI INTERNATIONAL AIRPORT(, ESTADOS UNIDOS DA AMÉRICA);43;2,33;2,38;2,38
SBGR;GUARULHOS - GOVERNADOR ANDRÉ FRANCO MONTORO(SP, BRASIL);KORD;O´HARE INTERNATIONAL AIRPORT(, ESTADOS UNIDOS DA AMÉRICA);8;0;0;0
SBGR;GUARULHOS - GOVERNADOR ANDRÉ FRANCO MONTORO(SP, BRASIL);LEMD;ADOLFO SUÁREZ MADRID-BARAJAS AIRPORT(, ESPANHA);37;2,7;0;0
SBGR;GUARULHOS - GOVERNADOR ANDRÉ FRANCO MONTORO(SP, BRASIL);LFPG;PARIS-CHARLES DE GAULLE AIRPORT (ROISSY AIRPORT)(, FRANÇA);24;8,33;0;0
SBGR;GUARULHOS - GOVERNADOR ANDRÉ FRANCO MONTORO(SP, BRASIL);LPPT;LISBOA(, PORTUGAL);20;15;0;0
SBGR;GUARULHOS - GOVERNADOR ANDRÉ FRANCO MONTORO(SP, BRASIL);LSZH;ZÜRICH AIRPORT (KLOTEN AIRPORT)(, SUÍÇA);21;0;0;0
SBGR;GUARULHOS - GOVERNADOR ANDRÉ FRANCO MONTORO(SP, BRASIL);LTFM;ISTANBUL AIRPORT(, TURQUIA);13;0;7,69;7,69
SBGR;GUARULHOS - GOVERNADOR ANDRÉ FRANCO MONTORO(SP, BRASIL);MMMX;BENITO JUAREZ INTL(, MÉXICO);43;0;0;0
SBGR;GUARULHOS - GOVERNADOR ANDRÉ FRANCO MONTORO(SP, BRASIL);MPTO;TOCUMEN INTL(, PANAMÁ);50;0;0;0
SBGR;GUARULHOS - GOVERNADOR ANDRÉ FRANCO MONTORO(SP, BRASIL);OMDB;DUBAI(, EMIRADOS ÁRABES UNIDOS);22;0;0;0
SBGR;GUARULHOS - GOVERNADOR ANDRÉ FRANCO MONTORO(SP, BRASIL);OTHH;HAMAD INTERNATIONAL AIRPORT(, QATAR);43;2,33;7,14;0
SBGR;GUARULHOS - GOVERNADOR ANDRÉ FRANCO MONTORO(SP, BRASIL);SABE;JORGE NEWBERY AIRPORT(, ARGENTINA);5;60;50;0
SBGR;GUARULHOS - GOVERNADOR ANDRÉ FRANCO MONTORO(SP, BRASIL);SAEZ;MINISTRO PISTARINI INTERNATIONAL AIRPORT (EZEIZA INTERNATIONAL AIRPORT)(, ARGENTINA);39;61,54;20;13,33
SBGR;GUARULHOS - GOVERNADOR ANDRÉ FRANCO MONTORO(SP, BRASIL);SBAR;SANTA MARIA(SE, BRASIL);39;2,56;2,63;0
SBGR;GUARULHOS - GOVERNADOR ANDRÉ FRANCO MONTORO(SP, BRASIL);SBAU;ESTADUAL DARIO GUARITA(SP, BRASIL);5;0;0;0
SBGR;GUARULHOS - GOVERNADOR ANDRÉ FRANCO MONTORO(SP, BRASIL);SBBE;INTERNACIONAL DE BELÉM/VAL DE CANS/JÚLIO CEZAR RIBEIRO(PA, BRASIL);17;0;11,76;5,88
SBGR;GUARULHOS - GOVERNADOR ANDRÉ FRANCO MONTORO(SP, BRASIL);SBBR;PRESIDENTE JUSCELINO KUBITSCHEK(DF, BRASIL);164;2,44;0,63;0,63
SBGR;GUARULHOS - GOVERNADOR ANDRÉ FRANCO MONTORO(SP, BRASIL);SBCA;ADALBERTO MENDES DA SILVA(PR, BRASIL);9;0;11,11;0
SBGR;GUARULHOS - GOVERNADOR ANDRÉ FRANCO MONTORO(SP, BRASIL);SBCF;TANCREDO NEVES(MG, BRASIL);211;0,47;0,95;0,48
SBGR;GUARULHOS - GOVERNADOR ANDRÉ FRANCO MONTORO(SP, BRASIL);SBCG;CAMPO GRANDE(MS, BRASIL);74;4,05;1,41;1,41
SBGR;GUARULHOS - GOVERNADOR ANDRÉ FRANCO MONTORO(SP, BRASIL);SBCH;SERAFIN ENOSS BERTASO(SC, BRASIL);22;13,64;5,26;5,26
SBGR;GUARULHOS - GOVERNADOR ANDRÉ FRANCO MONTORO(SP, BRASIL);SBCT;AFONSO PENA(PR, BRASIL);144;2,78;0;0
SBGR;GUARULHOS - GOVERNADOR ANDRÉ FRANCO MONTORO(SP, BRASIL);SBCY;MARECHAL RONDON(MT, BRASIL);127;0;1,57;0,79
SBGR;GUARULHOS - GOVERNADOR ANDRÉ FRANCO MONTORO(SP, BRASIL);SBDN;PRESIDENTE PRUDENTE(SP, BRASIL);6;0;0;0
SBGR;GUARULHOS - GOVERNADOR ANDRÉ FRANCO MONTORO(SP, BRASIL);SBEG;EDUARDO GOMES(AM, BRASIL);33;0;0;0
SBGR;GUARULHOS - GOVERNADOR ANDRÉ FRANCO MONTORO(SP, BRASIL);SBFI;CATARATAS(PR, BRASIL);97;1,03;0;0
SBGR;GUARULHOS - GOVERNADOR ANDRÉ FRANCO MONTORO(SP, BRASIL);SBFL;HERCÍLIO LUZ(SC, BRASIL);148;1,35;0,68;0
SBGR;GUARULHOS - GOVERNADOR ANDRÉ FRANCO MONTORO(SP, BRASIL);SBFZ;PINTO MARTINS(CE, BRASIL);142;2,11;1,44;0
SBGR;GUARULHOS - GOVERNADOR ANDRÉ FRANCO MONTORO(SP, BRASIL);SBGL;AEROPORTO INTERNACIONAL DO RIO DE JANEIRO (GALEÃO) - ANTONIO CARLOS JOBIM(RJ, BRASIL);106;7,55;0;0
SBGR;GUARULHOS - GOVERNADOR ANDRÉ FRANCO MONTORO(SP, BRASIL);SBGO;SANTA GENOVEVA/GOIÂNIA(GO, BRASIL);76;5,26;0;0
SBGR;GUARULHOS - GOVERNADOR ANDRÉ FRANCO MONTORO(SP, BRASIL);SBIL;BAHIA - JORGE AMADO(BA, BRASIL);48;4,17;0;0
SBGR;GUARULHOS - GOVERNADOR ANDRÉ FRANCO MONTORO(SP, BRASIL);SBIZ;PREFEITO RENATO MOREIRA(MA, BRASIL);24;4,17;0;0
SBGR;GUARULHOS - GOVERNADOR ANDRÉ FRANCO MONTORO(SP, BRASIL);SBJP;PRESIDENTE CASTRO PINTO(PB, BRASIL);54;1,85;3,77;3,77
SBGR;GUARULHOS - GOVERNADOR ANDRÉ FRANCO MONTORO(SP, BRASIL);SBJU;ORLANDO BEZERRA DE MENEZES(CE, BRASIL);14;0;0;0
SBGR;GUARULHOS - GOVERNADOR ANDRÉ FRANCO MONTORO(SP, BRASIL);SBJV;LAURO CARNEIRO DE LOYOLA(SC, BRASIL);7;0;0;0
SBGR;GUARULHOS - GOVERNADOR ANDRÉ FRANCO MONTORO(SP, BRASIL);SBLO;GOVERNADOR JOSÉ RICHA(PR, BRASIL);32;0;0;0
SBGR;GUARULHOS - GOVERNADOR ANDRÉ FRANCO MONTORO(SP, BRASIL);SBMG;SÍLVIO NAME JÚNIOR(PR, BRASIL);27;0;3,7;0
SBGR;GUARULHOS - GOVERNADOR ANDRÉ FRANCO MONTORO(SP, BRASIL);SBMK;MÁRIO RIBEIRO(MG, BRASIL);1;0;0;0
SBGR;GUARULHOS - GOVERNADOR ANDRÉ FRANCO MONTORO(SP, BRASIL);SBMO;ZUMBI DOS PALMARES(AL, BRASIL);116;0,86;0,87;0
SBGR;GUARULHOS - GOVERNADOR ANDRÉ FRANCO MONTORO(SP, BRASIL);SBNF;MINISTRO VICTOR KONDER(SC, BRASIL);93;1,08;0;0
SBGR;GUARULHOS - GOVERNADOR ANDRÉ FRANCO MONTORO(SP, BRASIL);SBPA;SALGADO FILHO(RS, BRASIL);243;0,82;1,66;1,24
SBGR;GUARULHOS - GOVERNADOR ANDRÉ FRANCO MONTORO(SP, BRASIL);SBPJ;BRIGADEIRO LYSIAS RODRIGUES(TO, BRASIL);27;0;0;0
SBGR;GUARULHOS - GOVERNADOR ANDRÉ FRANCO MONTORO(SP, BRASIL);SBPL;SENADOR NILO COELHO(PE, BRASIL);12;0;8,33;0
SBGR;GUARULHOS - GOVERNADOR ANDRÉ FRANCO MONTORO(SP, BRASIL);SBPS;PORTO SEGURO(BA, BRASIL);91;2,2;0;0
SBGR;GUARULHOS - GOVERNADOR ANDRÉ FRANCO MONTORO(SP, BRASIL);SBPV;GOVERNADOR JORGE TEIXEIRA DE OLIVEIRA(RO, BRASIL);21;0;0;0
SBGR;GUARULHOS - GOVERNADOR ANDRÉ FRANCO MONTORO(SP, BRASIL);SBRB;PLÁCIDO DE CASTRO(AC, BRASIL);27;0;3,7;0
SBGR;GUARULHOS - GOVERNADOR ANDRÉ FRANCO MONTORO(SP, BRASIL);SBRF;GUARARAPES - GILBERTO FREYRE(PE, BRASIL);292;1,37;1,39;0
SBGR;GUARULHOS - GOVERNADOR ANDRÉ FRANCO MONTORO(SP, BRASIL);SBRJ;SANTOS DUMONT(RJ, BRASIL);187;1,07;1,08;0
SBGR;GUARULHOS - GOVERNADOR ANDRÉ FRANCO MONTORO(SP, BRASIL);SBRP;LEITE LOPES(SP, BRASIL);1;0;0;0
SBGR;GUARULHOS - GOVERNADOR ANDRÉ FRANCO MONTORO(SP, BRASIL);SBSG;GOVERNADOR ALUIZIO ALVES(RN, BRASIL);118;0;0,85;0
SBGR;GUARULHOS - GOVERNADOR ANDRÉ FRANCO MONTORO(SP, BRASIL);SBSL;MARECHAL CUNHA MACHADO(MA, BRASIL);22;0;4,55;0
SBGR;GUARULHOS - GOVERNADOR ANDRÉ FRANCO MONTORO(SP, BRASIL);SBSR;PROFESSOR ERIBERTO MANOEL REINO(SP, BRASIL);15;0;0;0
SBGR;GUARULHOS - GOVERNADOR ANDRÉ FRANCO MONTORO(SP, BRASIL);SBSV;DEPUTADO LUÍS EDUARDO MAGALHÃES(BA, BRASIL);151;3,31;2,05;0,68
SBGR;GUARULHOS - GOVERNADOR ANDRÉ FRANCO MONTORO(SP, BRASIL);SBTE;SENADOR PETRÔNIO PORTELLA(PI, BRASIL);17;0;0;0
SBGR;GUARULHOS - GOVERNADOR ANDRÉ FRANCO MONTORO(SP, BRASIL);SBUL;TEN CEL AVIADOR CÉSAR BOMBONATO(MG, BRASIL);30;0;0;0
SBGR;GUARULHOS - GOVERNADOR ANDRÉ FRANCO MONTORO(SP, BRASIL);SBVC;GLAUBER DE ANDRADE ROCHA(BA, BRASIL);22;0;0;0
SBGR;GUARULHOS - GOVERNADOR ANDRÉ FRANCO MONTORO(SP, BRASIL);SBVT;EURICO DE AGUIAR SALLES(ES, BRASIL);102;0;0,98;0,98
SBGR;GUARULHOS - GOVERNADOR ANDRÉ FRANCO MONTORO(SP, BRASIL);SBZM;REGIONAL DA ZONA DA MATA(MG, BRASIL);2;0;0;0
SBGR;GUARULHOS - GOVERNADOR ANDRÉ FRANCO MONTORO(SP, BRASIL);SCEL;COMODORO ARTURO MERINO BENÍTEZ INTERNATIONAL AIRPORT(, CHILE);16;6,25;0;0
SBGR;GUARULHOS - GOVERNADOR ANDRÉ FRANCO MONTORO(SP, BRASIL);SGAS;SILVIO PETTIROSSI INTERNATIONAL AIRPORT(, PARAGUAI);14;0;0;0
SBGR;GUARULHOS - GOVERNADOR ANDRÉ FRANCO MONTORO(SP, BRASIL);SKBO;EL DORADO INTERNATIONAL AIRPORT(, COLÔMBIA);1;0;0;0
SBGR;GUARULHOS - GOVERNADOR ANDRÉ FRANCO MONTORO(SP, BRASIL);SLVR;VIRU VIRU INTERNATIONAL AIRPORT(, BOLÍVIA);21;9,52;78,95;5,26
SBGR;GUARULHOS - GOVERNADOR ANDRÉ FRANCO MONTORO(SP, BRASIL);SPJC;JORGE CHÁVEZ INTERNATIONAL AIRPORT(, PERU);3;100;0;0
SBGR;GUARULHOS - GOVERNADOR ANDRÉ FRANCO MONTORO(SP, BRASIL);SUMU;CARRASCO GRAL. CESÁREO L. BERISSO INTERNATIONAL AIRPORT(, URUGUAI);10;0;0;0
SBGV;CORONEL ALTINO MACHADO(MG, BRASIL);SBCF;TANCREDO NEVES(MG, BRASIL);30;3,33;3,45;3,45
SBHT;ALTAMIRA(PA, BRASIL);SBBE;INTERNACIONAL DE BELÉM/VAL DE CANS/JÚLIO CEZAR RIBEIRO(PA, BRASIL);19;0;0;0
SBIH;ITAITUBA(PA, BRASIL);SBEG;EDUARDO GOMES(AM, BRASIL);15;33,33;10;10
SBIH;ITAITUBA(PA, BRASIL);SWPI;JÚLIO BÉLEM(AM, BRASIL);7;42,86;25;25
SBIL;BAHIA - JORGE AMADO(BA, BRASIL);SBCF;TANCREDO NEVES(MG, BRASIL);30;0;6,67;6,67
SBIL;BAHIA - JORGE AMADO(BA, BRASIL);SBGR;GUARULHOS - GOVERNADOR ANDRÉ FRANCO MONTORO(SP, BRASIL);48;2,08;2,13;2,13
SBIL;BAHIA - JORGE AMADO(BA, BRASIL);SBJD;AEROPORTO ESTADUAL DE JUNDIAÍ(SP, BRASIL);2;50;100;0
SBIL;BAHIA - JORGE AMADO(BA, BRASIL);SBRF;GUARARAPES - GILBERTO FREYRE(PE, BRASIL);2;50;0;0
SBIL;BAHIA - JORGE AMADO(BA, BRASIL);SBSP;CONGONHAS(SP, BRASIL);16;0;0;0
SBIL;BAHIA - JORGE AMADO(BA, BRASIL);SBSV;DEPUTADO LUÍS EDUARDO MAGALHÃES(BA, BRASIL);13;7,69;8,33;0
SBIZ;PREFEITO RENATO MOREIRA(MA, BRASIL);SBBE;INTERNACIONAL DE BELÉM/VAL DE CANS/JÚLIO CEZAR RIBEIRO(PA, BRASIL);9;0;0;0
SBIZ;PREFEITO RENATO MOREIRA(MA, BRASIL);SBGR;GUARULHOS - GOVERNADOR ANDRÉ FRANCO MONTORO(SP, BRASIL);25;4;0;0
SBIZ;PREFEITO RENATO MOREIRA(MA, BRASIL);SBSL;MARECHAL CUNHA MACHADO(MA, BRASIL);13;0;0;0
SBJA;REGIONAL SUL(SC, BRASIL);SBKP;VIRACOPOS(SP, BRASIL);13;0;0;0
SBJA;REGIONAL SUL(SC, BRASIL);SBSP;CONGONHAS(SP, BRASIL);12;0;0;0
SBJD;AEROPORTO ESTADUAL DE JUNDIAÍ(SP, BRASIL);SBGO;SANTA GENOVEVA/GOIÂNIA(GO, BRASIL);2;50;0;0
SBJD;AEROPORTO ESTADUAL DE JUNDIAÍ(SP, BRASIL);SBIL;BAHIA - JORGE AMADO(BA, BRASIL);2;50;0;0
SBJE;JERICOACORA(CE, BRASIL);SBCF;TANCREDO NEVES(MG, BRASIL);9;0;0;0
SBJP;PRESIDENTE CASTRO PINTO(PB, BRASIL);SBBR;PRESIDENTE JUSCELINO KUBITSCHEK(DF, BRASIL);23;0;0;0
SBJP;PRESIDENTE CASTRO PINTO(PB, BRASIL);SBCF;TANCREDO NEVES(MG, BRASIL);2;0;0;0
SBJP;PRESIDENTE CASTRO PINTO(PB, BRASIL);SBGL;AEROPORTO INTERNACIONAL DO RIO DE JANEIRO (GALEÃO) - ANTONIO CARLOS JOBIM(RJ, BRASIL);18;0;0;0
SBJP;PRESIDENTE CASTRO PINTO(PB, BRASIL);SBGR;GUARULHOS - GOVERNADOR ANDRÉ FRANCO MONTORO(SP, BRASIL);54;1,85;3,77;3,77
SBJP;PRESIDENTE CASTRO PINTO(PB, BRASIL);SBKP;VIRACOPOS(SP, BRASIL);5;0;0;0
SBJP;PRESIDENTE CASTRO PINTO(PB, BRASIL);SBRF;GUARARAPES - GILBERTO FREYRE(PE, BRASIL);99;2,02;4,12;2,06
SBJU;ORLANDO BEZERRA DE MENEZES(CE, BRASIL);SBGR;GUARULHOS - GOVERNADOR ANDRÉ FRANCO MONTORO(SP, BRASIL);23;0;0;0
SBJU;ORLANDO BEZERRA DE MENEZES(CE, BRASIL);SBKP;VIRACOPOS(SP, BRASIL);27;0;0;0
SBJU;ORLANDO BEZERRA DE MENEZES(CE, BRASIL);SBRF;GUARARAPES - GILBERTO FREYRE(PE, BRASIL);25;0;0;0
SBJV;LAURO CARNEIRO DE LOYOLA(SC, BRASIL);SBGR;GUARULHOS - GOVERNADOR ANDRÉ FRANCO MONTORO(SP, BRASIL);7;0;0;0
SBJV;LAURO CARNEIRO DE LOYOLA(SC, BRASIL);SBKP;VIRACOPOS(SP, BRASIL);31;0;0;0
SBJV;LAURO CARNEIRO DE LOYOLA(SC, BRASIL);SBSP;CONGONHAS(SP, BRASIL);13;0;0;0
SBKG;PRESIDENTE JOÃO SUASSUNA(PB, BRASIL);SBRF;GUARARAPES - GILBERTO FREYRE(PE, BRASIL);31;3,23;10;6,67
SBKP;VIRACOPOS(SP, BRASIL);KFLL;FORT LAUDERDALE-HOLLYWOOD INTERNATIONAL AIRPORT(, ESTADOS UNIDOS DA AMÉRICA);13;0;0;0
SBKP;VIRACOPOS(SP, BRASIL);KMEM;MEMPHIS INTERNATIONAL AIRPORT(, ESTADOS UNIDOS DA AMÉRICA);21;4,76;10;0
SBKP;VIRACOPOS(SP, BRASIL);LPPT;LISBOA(, PORTUGAL);7;0;28,57;0
SBKP;VIRACOPOS(SP, BRASIL);SBAE;BAURU/AREALVA (SJTC*)(SP, BRASIL);26;0;3,85;0
SBKP;VIRACOPOS(SP, BRASIL);SBAU;ESTADUAL DARIO GUARITA(SP, BRASIL);26;0;3,85;3,85
SBKP;VIRACOPOS(SP, BRASIL);SBBE;INTERNACIONAL DE BELÉM/VAL DE CANS/JÚLIO CEZAR RIBEIRO(PA, BRASIL);42;0;4,76;0
SBKP;VIRACOPOS(SP, BRASIL);SBBR;PRESIDENTE JUSCELINO KUBITSCHEK(DF, BRASIL);140;0,71;0,72;0,72
SBKP;VIRACOPOS(SP, BRASIL);SBCA;ADALBERTO MENDES DA SILVA(PR, BRASIL);31;0;0;0
SBKP;VIRACOPOS(SP, BRASIL);SBCF;TANCREDO NEVES(MG, BRASIL);160;0;1,88;0,63
SBKP;VIRACOPOS(SP, BRASIL);SBCG;CAMPO GRANDE(MS, BRASIL);56;0;0;0
SBKP;VIRACOPOS(SP, BRASIL);SBCH;SERAFIN ENOSS BERTASO(SC, BRASIL);29;0;6,9;0
SBKP;VIRACOPOS(SP, BRASIL);SBCN;NELSON RODRIGUES GUIMARÃES(GO, BRASIL);1;100;0;0
SBKP;VIRACOPOS(SP, BRASIL);SBCT;AFONSO PENA(PR, BRASIL);153;0;3,27;1,31
SBKP;VIRACOPOS(SP, BRASIL);SBCX;REGIONAL HUGO CANTERGIANI(RS, BRASIL);25;0;8;0
SBKP;VIRACOPOS(SP, BRASIL);SBCY;MARECHAL RONDON(MT, BRASIL);83;0;1,2;0
SBKP;VIRACOPOS(SP, BRASIL);SBDB;BONITO(MS, BRASIL);11;9,09;0;0
SBKP;VIRACOPOS(SP, BRASIL);SBDN;PRESIDENTE PRUDENTE(SP, BRASIL);56;0;0;0
SBKP;VIRACOPOS(SP, BRASIL);SBDO;DOURADOS(MS, BRASIL);25;0;8;4
SBKP;VIRACOPOS(SP, BRASIL);SBEG;EDUARDO GOMES(AM, BRASIL);63;0;6,35;0
SBKP;VIRACOPOS(SP, BRASIL);SBFI;CATARATAS(PR, BRASIL);30;0;3,33;3,33
SBKP;VIRACOPOS(SP, BRASIL);SBFL;HERCÍLIO LUZ(SC, BRASIL);112;0;5,36;2,68
SBKP;VIRACOPOS(SP, BRASIL);SBFZ;PINTO MARTINS(CE, BRASIL);32;0;3,13;0
SBKP;VIRACOPOS(SP, BRASIL);SBGL;AEROPORTO INTERNACIONAL DO RIO DE JANEIRO (GALEÃO) - ANTONIO CARLOS JOBIM(RJ, BRASIL);77;0;2,6;1,3
SBKP;VIRACOPOS(SP, BRASIL);SBGO;SANTA GENOVEVA/GOIÂNIA(GO, BRASIL);112;0;2,68;0
SBKP;VIRACOPOS(SP, BRASIL);SBJA;REGIONAL SUL(SC, BRASIL);13;0;0;0
SBKP;VIRACOPOS(SP, BRASIL);SBJP;PRESIDENTE CASTRO PINTO(PB, BRASIL);5;0;20;0
SBKP;VIRACOPOS(SP, BRASIL);SBJU;ORLANDO BEZERRA DE MENEZES(CE, BRASIL);28;0;0;0
SBKP;VIRACOPOS(SP, BRASIL);SBJV;LAURO CARNEIRO DE LOYOLA(SC, BRASIL);31;0;0;0
SBKP;VIRACOPOS(SP, BRASIL);SBLO;GOVERNADOR JOSÉ RICHA(PR, BRASIL);55;0;0;0
SBKP;VIRACOPOS(SP, BRASIL);SBMG;SÍLVIO NAME JÚNIOR(PR, BRASIL);55;0;3,64;1,82
SBKP;VIRACOPOS(SP, BRASIL);SBML;FRANK MILOYE MILENKOVICH(SP, BRASIL);28;0;0;0
SBKP;VIRACOPOS(SP, BRASIL);SBMO;ZUMBI DOS PALMARES(AL, BRASIL);31;0;3,23;0
SBKP;VIRACOPOS(SP, BRASIL);SBNF;MINISTRO VICTOR KONDER(SC, BRASIL);87;0;2,3;1,15
SBKP;VIRACOPOS(SP, BRASIL);SBPA;SALGADO FILHO(RS, BRASIL);134;0,75;3,01;1,5
SBKP;VIRACOPOS(SP, BRASIL);SBPJ;BRIGADEIRO LYSIAS RODRIGUES(TO, BRASIL);26;0;0;0
SBKP;VIRACOPOS(SP, BRASIL);SBPL;SENADOR NILO COELHO(PE, BRASIL);19;0;0;0
SBKP;VIRACOPOS(SP, BRASIL);SBPS;PORTO SEGURO(BA, BRASIL);34;0;2,94;0
SBKP;VIRACOPOS(SP, BRASIL);SBPV;GOVERNADOR JORGE TEIXEIRA DE OLIVEIRA(RO, BRASIL);27;0;3,7;0
SBKP;VIRACOPOS(SP, BRASIL);SBRD;RONDONÓPOLIS(MT, BRASIL);12;0;8,33;0
SBKP;VIRACOPOS(SP, BRASIL);SBRF;GUARARAPES - GILBERTO FREYRE(PE, BRASIL);114;0,88;4,42;1,77
SBKP;VIRACOPOS(SP, BRASIL);SBRJ;SANTOS DUMONT(RJ, BRASIL);177;1,13;0;0
SBKP;VIRACOPOS(SP, BRASIL);SBRP;LEITE LOPES(SP, BRASIL);83;0;6,02;2,41
SBKP;VIRACOPOS(SP, BRASIL);SBSG;GOVERNADOR ALUIZIO ALVES(RN, BRASIL);13;0;0;0
SBKP;VIRACOPOS(SP, BRASIL);SBSR;PROFESSOR ERIBERTO MANOEL REINO(SP, BRASIL);85;0;3,53;1,18
SBKP;VIRACOPOS(SP, BRASIL);SBSV;DEPUTADO LUÍS EDUARDO MAGALHÃES(BA, BRASIL);110;2,73;0,93;0,93
SBKP;VIRACOPOS(SP, BRASIL);SBTE;SENADOR PETRÔNIO PORTELLA(PI, BRASIL);54;0;0;0
SBKP;VIRACOPOS(SP, BRASIL);SBTG;TRÊS LAGOAS(MS, BRASIL);13;0;7,69;0
SBKP;VIRACOPOS(SP, BRASIL);SBUL;TEN CEL AVIADOR CÉSAR BOMBONATO(MG, BRASIL);88;0;5,68;3,41
SBKP;VIRACOPOS(SP, BRASIL);SBVT;EURICO DE AGUIAR SALLES(ES, BRASIL);92;0;2,17;1,09
SBKP;VIRACOPOS(SP, BRASIL);SBZM;REGIONAL DA ZONA DA MATA(MG, BRASIL);20;0;5;5
SBKP;VIRACOPOS(SP, BRASIL);SWLC;GENERAL LEITE DE CASTRO(GO, BRASIL);10;0;0;0
SBKP;VIRACOPOS(SP, BRASIL);TJBQ;RAFAEL HERNÁNDEZ AIRPORT(, PORTO RICO);9;0;0;0
SBLO;GOVERNADOR JOSÉ RICHA(PR, BRASIL);SBGR;GUARULHOS - GOVERNADOR ANDRÉ FRANCO MONTORO(SP, BRASIL);32;0;0;0
SBLO;GOVERNADOR JOSÉ RICHA(PR, BRASIL);SBKP;VIRACOPOS(SP, BRASIL);54;0;1,85;1,85
SBMA;JOÃO CORREA DA ROCHA(PA, BRASIL);SBBE;INTERNACIONAL DE BELÉM/VAL DE CANS/JÚLIO CEZAR RIBEIRO(PA, BRASIL);29;0;0;0
SBMA;JOÃO CORREA DA ROCHA(PA, BRASIL);SBBR;PRESIDENTE JUSCELINO KUBITSCHEK(DF, BRASIL);23;0;0;0
SBMD;MONTE DOURADO(PA, BRASIL);SBBE;INTERNACIONAL DE BELÉM/VAL DE CANS/JÚLIO CEZAR RIBEIRO(PA, BRASIL);9;11,11;0;0
SBMD;MONTE DOURADO(PA, BRASIL);SNYA;ALMEIRIM(PA, BRASIL);12;16,67;10;10
SBMG;SÍLVIO NAME JÚNIOR(PR, BRASIL);SBGR;GUARULHOS - GOVERNADOR ANDRÉ FRANCO MONTORO(SP, BRASIL);34;0;0;0
SBMG;SÍLVIO NAME JÚNIOR(PR, BRASIL);SBKP;VIRACOPOS(SP, BRASIL);55;1,82;3,7;0
SBMK;MÁRIO RIBEIRO(MG, BRASIL);SBCF;TANCREDO NEVES(MG, BRASIL);50;2;0;0
SBMK;MÁRIO RIBEIRO(MG, BRASIL);SBGR;GUARULHOS - GOVERNADOR ANDRÉ FRANCO MONTORO(SP, BRASIL);1;0;0;0
SBML;FRANK MILOYE MILENKOVICH(SP, BRASIL);SBKP;VIRACOPOS(SP, BRASIL);28;0;0;0
SBMO;ZUMBI DOS PALMARES(AL, BRASIL);SBBR;PRESIDENTE JUSCELINO KUBITSCHEK(DF, BRASIL);26;3,85;0;0
SBMO;ZUMBI DOS PALMARES(AL, BRASIL);SBCF;TANCREDO NEVES(MG, BRASIL);4;0;0;0
SBMO;ZUMBI DOS PALMARES(AL, BRASIL);SBGL;AEROPORTO INTERNACIONAL DO RIO DE JANEIRO (GALEÃO) - ANTONIO CARLOS JOBIM(RJ, BRASIL);16;25;0;0
SBMO;ZUMBI DOS PALMARES(AL, BRASIL);SBGR;GUARULHOS - GOVERNADOR ANDRÉ FRANCO MONTORO(SP, BRASIL);122;0;1,64;0
SBMO;ZUMBI DOS PALMARES(AL, BRASIL);SBKP;VIRACOPOS(SP, BRASIL);31;0;0;0
SBMO;ZUMBI DOS PALMARES(AL, BRASIL);SBRF;GUARARAPES - GILBERTO FREYRE(PE, BRASIL);122;3,28;0,85;0,85
SBMO;ZUMBI DOS PALMARES(AL, BRASIL);SBSV;DEPUTADO LUÍS EDUARDO MAGALHÃES(BA, BRASIL);16;18,75;0;0
SBMQ;ALBERTO ALCOLUMBRE(AP, BRASIL);SBBE;INTERNACIONAL DE BELÉM/VAL DE CANS/JÚLIO CEZAR RIBEIRO(PA, BRASIL);78;6,41;4,11;0
SBMQ;ALBERTO ALCOLUMBRE(AP, BRASIL);SBBR;PRESIDENTE JUSCELINO KUBITSCHEK(DF, BRASIL);13;0;0;0
SBMS;DIX-SEPT ROSADO(RN, BRASIL);SBRF;GUARARAPES - GILBERTO FREYRE(PE, BRASIL);12;0;0;0
SBNF;MINISTRO VICTOR KONDER(SC, BRASIL);SBGR;GUARULHOS - GOVERNADOR ANDRÉ FRANCO MONTORO(SP, BRASIL);101;0;0;0
SBNF;MINISTRO VICTOR KONDER(SC, BRASIL);SBKP;VIRACOPOS(SP, BRASIL);86;0;1,16;0
SBNF;MINISTRO VICTOR KONDER(SC, BRASIL);SBSP;CONGONHAS(SP, BRASIL);9;0;0;0
SBNM;SANTO ÂNGELO(RS, BRASIL);SBPA;SALGADO FILHO(RS, BRASIL);21;0;4,76;4,76
SBPA;SALGADO FILHO(RS, BRASIL);MPTO;TOCUMEN INTL(, PANAMÁ);15;20;0;0
SBPA;SALGADO FILHO(RS, BRASIL);SBBR;PRESIDENTE JUSCELINO KUBITSCHEK(DF, BRASIL);41;4,88;0;0
SBPA;SALGADO FILHO(RS, BRASIL);SBCF;TANCREDO NEVES(MG, BRASIL);1;0;0;0
SBPA;SALGADO FILHO(RS, BRASIL);SBCT;AFONSO PENA(PR, BRASIL);10;0;0;0
SBPA;SALGADO FILHO(RS, BRASIL);SBFI;CATARATAS(PR, BRASIL);1;0;0;0
SBPA;SALGADO FILHO(RS, BRASIL);SBFL;HERCÍLIO LUZ(SC, BRASIL);1;0;0;0
SBPA;SALGADO FILHO(RS, BRASIL);SBGR;GUARULHOS - GOVERNADOR ANDRÉ FRANCO MONTORO(SP, BRASIL);243;0,41;1,65;1,65
SBPA;SALGADO FILHO(RS, BRASIL);SBKP;VIRACOPOS(SP, BRASIL);134;0,75;1,5;0,75
SBPA;SALGADO FILHO(RS, BRASIL);SBNM;SANTO ÂNGELO(RS, BRASIL);1;0;0;0
SBPA;SALGADO FILHO(RS, BRASIL);SBPK;PELOTAS(RS, BRASIL);23;0;4,35;0
SBPA;SALGADO FILHO(RS, BRASIL);SBRJ;SANTOS DUMONT(RJ, BRASIL);49;0;2,04;2,04
SBPA;SALGADO FILHO(RS, BRASIL);SBSP;CONGONHAS(SP, BRASIL);93;9,68;1,19;1,19
SBPA;SALGADO FILHO(RS, BRASIL);SBUG;RUBEM BERTA(RS, BRASIL);21;0;4,76;4,76
SBPB;AEROPORTO INTERNACIONAL DE PARNAÍBA / PREFEITO DOUTOR JOÃO SILVA FILHO(PI, BRASIL);SBKP;VIRACOPOS(SP, BRASIL);4;0;0;0
SBPJ;BRIGADEIRO LYSIAS RODRIGUES(TO, BRASIL);SBBR;PRESIDENTE JUSCELINO KUBITSCHEK(DF, BRASIL);20;5;0;0
SBPJ;BRIGADEIRO LYSIAS RODRIGUES(TO, BRASIL);SBGR;GUARULHOS - GOVERNADOR ANDRÉ FRANCO MONTORO(SP, BRASIL);27;0;0;0
SBPJ;BRIGADEIRO LYSIAS RODRIGUES(TO, BRASIL);SBKP;VIRACOPOS(SP, BRASIL);26;0;0;0
SBPK;PELOTAS(RS, BRASIL);SBSM;SANTA MARIA(RS, BRASIL);23;0;0;0
SBPL;SENADOR NILO COELHO(PE, BRASIL);SBGR;GUARULHOS - GOVERNADOR ANDRÉ FRANCO MONTORO(SP, BRASIL);19;0;0;0
SBPL;SENADOR NILO COELHO(PE, BRASIL);SBKP;VIRACOPOS(SP, BRASIL);18;0;0;0
SBPL;SENADOR NILO COELHO(PE, BRASIL);SBRF;GUARARAPES - GILBERTO FREYRE(PE, BRASIL);28;0;0;0
SBPS;PORTO SEGURO(BA, BRASIL);SBCF;TANCREDO NEVES(MG, BRASIL);35;0;0;0
SBPS;PORTO SEGURO(BA, BRASIL);SBGR;GUARULHOS - GOVERNADOR ANDRÉ FRANCO MONTORO(SP, BRASIL);91;2,2;0;0
SBPS;PORTO SEGURO(BA, BRASIL);SBKP;VIRACOPOS(SP, BRASIL);34;0;2,94;0
SBPS;PORTO SEGURO(BA, BRASIL);SBRJ;SANTOS DUMONT(RJ, BRASIL);4;0;0;0
SBPS;PORTO SEGURO(BA, BRASIL);SBSP;CONGONHAS(SP, BRASIL);9;0;0;0
SBPS;PORTO SEGURO(BA, BRASIL);SBSV;DEPUTADO LUÍS EDUARDO MAGALHÃES(BA, BRASIL);68;4,41;4,62;3,08
SBPV;GOVERNADOR JORGE TEIXEIRA DE OLIVEIRA(RO, BRASIL);SBBR;PRESIDENTE JUSCELINO KUBITSCHEK(DF, BRASIL);14;0;0;0
SBPV;GOVERNADOR JORGE TEIXEIRA DE OLIVEIRA(RO, BRASIL);SBCY;MARECHAL RONDON(MT, BRASIL);30;0;0;0
SBPV;GOVERNADOR JORGE TEIXEIRA DE OLIVEIRA(RO, BRASIL);SBEG;EDUARDO GOMES(AM, BRASIL);26;0;0;0
SBPV;GOVERNADOR JORGE TEIXEIRA DE OLIVEIRA(RO, BRASIL);SBGR;GUARULHOS - GOVERNADOR ANDRÉ FRANCO MONTORO(SP, BRASIL);21;0;0;0
SBPV;GOVERNADOR JORGE TEIXEIRA DE OLIVEIRA(RO, BRASIL);SBKP;VIRACOPOS(SP, BRASIL);27;0;14,81;3,7
SBRB;PLÁCIDO DE CASTRO(AC, BRASIL);SBBR;PRESIDENTE JUSCELINO KUBITSCHEK(DF, BRASIL);17;0;0;0
SBRB;PLÁCIDO DE CASTRO(AC, BRASIL);SBCZ;CRUZEIRO DO SUL(AC, BRASIL);17;0;0;0
SBRB;PLÁCIDO DE CASTRO(AC, BRASIL);SBGR;GUARULHOS - GOVERNADOR ANDRÉ FRANCO MONTORO(SP, BRASIL);27;0;0;0
SBRD;RONDONÓPOLIS(MT, BRASIL);SBKP;VIRACOPOS(SP, BRASIL);11;0;0;0
SBRF;GUARARAPES - GILBERTO FREYRE(PE, BRASIL);LPPT;LISBOA(, PORTUGAL);9;33,33;0;0
SBRF;GUARARAPES - GILBERTO FREYRE(PE, BRASIL);SBAR;SANTA MARIA(SE, BRASIL);99;0;3,03;1,01
SBRF;GUARARAPES - GILBERTO FREYRE(PE, BRASIL);SBBE;INTERNACIONAL DE BELÉM/VAL DE CANS/JÚLIO CEZAR RIBEIRO(PA, BRASIL);57;0;5,26;0
SBRF;GUARARAPES - GILBERTO FREYRE(PE, BRASIL);SBBR;PRESIDENTE JUSCELINO KUBITSCHEK(DF, BRASIL);80;2,5;0;0
SBRF;GUARARAPES - GILBERTO FREYRE(PE, BRASIL);SBCF;TANCREDO NEVES(MG, BRASIL);110;5,45;0;0
SBRF;GUARARAPES - GILBERTO FREYRE(PE, BRASIL);SBFN;FERNANDO DE NORONHA(PE, BRASIL);63;1,59;3,23;0
SBRF;GUARARAPES - GILBERTO FREYRE(PE, BRASIL);SBFZ;PINTO MARTINS(CE, BRASIL);127;0;4,72;0,79
SBRF;GUARARAPES - GILBERTO FREYRE(PE, BRASIL);SBGL;AEROPORTO INTERNACIONAL DO RIO DE JANEIRO (GALEÃO) - ANTONIO CARLOS JOBIM(RJ, BRASIL);21;4,76;0;0
SBRF;GUARARAPES - GILBERTO FREYRE(PE, BRASIL);SBGR;GUARULHOS - GOVERNADOR ANDRÉ FRANCO MONTORO(SP, BRASIL);296;2,36;1,73;0,69
SBRF;GUARARAPES - GILBERTO FREYRE(PE, BRASIL);SBIL;BAHIA - JORGE AMADO(BA, BRASIL);2;50;0;0
SBRF;GUARARAPES - GILBERTO FREYRE(PE, BRASIL);SBJP;PRESIDENTE CASTRO PINTO(PB, BRASIL);99;1,01;7,14;4,08
SBRF;GUARARAPES - GILBERTO FREYRE(PE, BRASIL);SBJU;ORLANDO BEZERRA DE MENEZES(CE, BRASIL);25;0;0;0
SBRF;GUARARAPES - GILBERTO FREYRE(PE, BRASIL);SBKG;PRESIDENTE JOÃO SUASSUNA(PB, BRASIL);30;0;3,33;3,33
SBRF;GUARARAPES - GILBERTO FREYRE(PE, BRASIL);SBKP;VIRACOPOS(SP, BRASIL);114;0,88;3,54;0
SBRF;GUARARAPES - GILBERTO FREYRE(PE, BRASIL);SBMO;ZUMBI DOS PALMARES(AL, BRASIL);122;1,64;3,33;0,83
SBRF;GUARARAPES - GILBERTO FREYRE(PE, BRASIL);SBMS;DIX-SEPT ROSADO(RN, BRASIL);12;0;0;0
SBRF;GUARARAPES - GILBERTO FREYRE(PE, BRASIL);SBPL;SENADOR NILO COELHO(PE, BRASIL);28;0;0;0
SBRF;GUARARAPES - GILBERTO FREYRE(PE, BRASIL);SBRJ;SANTOS DUMONT(RJ, BRASIL);90;0;1,11;1,11
SBRF;GUARARAPES - GILBERTO FREYRE(PE, BRASIL);SBSG;GOVERNADOR ALUIZIO ALVES(RN, BRASIL);123;0;3,25;1,63
SBRF;GUARARAPES - GILBERTO FREYRE(PE, BRASIL);SBSL;MARECHAL CUNHA MACHADO(MA, BRASIL);25;0;0;0
SBRF;GUARARAPES - GILBERTO FREYRE(PE, BRASIL);SBSP;CONGONHAS(SP, BRASIL);108;0,93;0;0
SBRF;GUARARAPES - GILBERTO FREYRE(PE, BRASIL);SBSV;DEPUTADO LUÍS EDUARDO MAGALHÃES(BA, BRASIL);89;3,37;3,49;1,16
SBRF;GUARARAPES - GILBERTO FREYRE(PE, BRASIL);SBTE;SENADOR PETRÔNIO PORTELLA(PI, BRASIL);29;0;3,45;0
SBRF;GUARARAPES - GILBERTO FREYRE(PE, BRASIL);SNHS;SANTA MAGALHÃES(PE, BRASIL);26;0;7,69;3,85
SBRF;GUARARAPES - GILBERTO FREYRE(PE, BRASIL);SNRU;OSCAR LARANJEIRAS(PE, BRASIL);21;0;0;0
SBRJ;SANTOS DUMONT(RJ, BRASIL);SBBR;PRESIDENTE JUSCELINO KUBITSCHEK(DF, BRASIL);167;0;0,6;0
SBRJ;SANTOS DUMONT(RJ, BRASIL);SBCF;TANCREDO NEVES(MG, BRASIL);152;3,95;2,05;0,68
SBRJ;SANTOS DUMONT(RJ, BRASIL);SBCT;AFONSO PENA(PR, BRASIL);50;2;4,08;0
SBRJ;SANTOS DUMONT(RJ, BRASIL);SBFL;HERCÍLIO LUZ(SC, BRASIL);14;0;0;0
SBRJ;SANTOS DUMONT(RJ, BRASIL);SBGR;GUARULHOS - GOVERNADOR ANDRÉ FRANCO MONTORO(SP, BRASIL);189;1,59;0,54;0
SBRJ;SANTOS DUMONT(RJ, BRASIL);SBKP;VIRACOPOS(SP, BRASIL);178;1,12;2,27;0,57
SBRJ;SANTOS DUMONT(RJ, BRASIL);SBPA;SALGADO FILHO(RS, BRASIL);49;2,04;4,17;2,08
SBRJ;SANTOS DUMONT(RJ, BRASIL);SBPS;PORTO SEGURO(BA, BRASIL);4;0;0;0
SBRJ;SANTOS DUMONT(RJ, BRASIL);SBRF;GUARARAPES - GILBERTO FREYRE(PE, BRASIL);90;0;1,11;1,11
SBRJ;SANTOS DUMONT(RJ, BRASIL);SBRP;LEITE LOPES(SP, BRASIL);18;0;5,56;5,56
SBRJ;SANTOS DUMONT(RJ, BRASIL);SBSP;CONGONHAS(SP, BRASIL);365;6,3;0,88;0
SBRJ;SANTOS DUMONT(RJ, BRASIL);SBSV;DEPUTADO LUÍS EDUARDO MAGALHÃES(BA, BRASIL);38;2,63;0;0
SBRJ;SANTOS DUMONT(RJ, BRASIL);SBVT;EURICO DE AGUIAR SALLES(ES, BRASIL);37;0;0;0
SBRP;LEITE LOPES(SP, BRASIL);SBBR;PRESIDENTE JUSCELINO KUBITSCHEK(DF, BRASIL);1;0;0;0
SBRP;LEITE LOPES(SP, BRASIL);SBGO;SANTA GENOVEVA/GOIÂNIA(GO, BRASIL);14;0;7,14;0
SBRP;LEITE LOPES(SP, BRASIL);SBGR;GUARULHOS - GOVERNADOR ANDRÉ FRANCO MONTORO(SP, BRASIL);1;0;0;0
SBRP;LEITE LOPES(SP, BRASIL);SBKP;VIRACOPOS(SP, BRASIL);82;1,22;0;0
SBRP;LEITE LOPES(SP, BRASIL);SBRJ;SANTOS DUMONT(RJ, BRASIL);18;0;11,11;5,56
SBRP;LEITE LOPES(SP, BRASIL);SBSP;CONGONHAS(SP, BRASIL);47;2,13;4,35;4,35
SBSG;GOVERNADOR ALUIZIO ALVES(RN, BRASIL);SBBR;PRESIDENTE JUSCELINO KUBITSCHEK(DF, BRASIL);27;0;0;0
SBSG;GOVERNADOR ALUIZIO ALVES(RN, BRASIL);SBCF;TANCREDO NEVES(MG, BRASIL);3;0;0;0
SBSG;GOVERNADOR ALUIZIO ALVES(RN, BRASIL);SBGL;AEROPORTO INTERNACIONAL DO RIO DE JANEIRO (GALEÃO) - ANTONIO CARLOS JOBIM(RJ, BRASIL);13;7,69;0;0
SBSG;GOVERNADOR ALUIZIO ALVES(RN, BRASIL);SBGR;GUARULHOS - GOVERNADOR ANDRÉ FRANCO MONTORO(SP, BRASIL);121;0;0,83;0
SBSG;GOVERNADOR ALUIZIO ALVES(RN, BRASIL);SBKP;VIRACOPOS(SP, BRASIL);13;0;0;0
SBSG;GOVERNADOR ALUIZIO ALVES(RN, BRASIL);SBRF;GUARARAPES - GILBERTO FREYRE(PE, BRASIL);123;0;2,44;0,81
SBSI;PRESIDENTE JOÃO BATISTA FIGUEIREDO(MT, BRASIL);SBCY;MARECHAL RONDON(MT, BRASIL);22;4,55;0;0
SBSL;MARECHAL CUNHA MACHADO(MA, BRASIL);SBBR;PRESIDENTE JUSCELINO KUBITSCHEK(DF, BRASIL);41;0;4,88;2,44
SBSL;MARECHAL CUNHA MACHADO(MA, BRASIL);SBCF;TANCREDO NEVES(MG, BRASIL);42;0;4,76;2,38
SBSL;MARECHAL CUNHA MACHADO(MA, BRASIL);SBFZ;PINTO MARTINS(CE, BRASIL);16;0;0;0
SBSL;MARECHAL CUNHA MACHADO(MA, BRASIL);SBGR;GUARULHOS - GOVERNADOR ANDRÉ FRANCO MONTORO(SP, BRASIL);21;0;0;0
SBSL;MARECHAL CUNHA MACHADO(MA, BRASIL);SBIZ;PREFEITO RENATO MOREIRA(MA, BRASIL);12;0;0;0
SBSL;MARECHAL CUNHA MACHADO(MA, BRASIL);SBRF;GUARARAPES - GILBERTO FREYRE(PE, BRASIL);25;0;0;0
SBSM;SANTA MARIA(RS, BRASIL);SBPA;SALGADO FILHO(RS, BRASIL);23;0;0;0
SBSN;MAESTRO WILSON FONSECA(PA, BRASIL);SBBE;INTERNACIONAL DE BELÉM/VAL DE CANS/JÚLIO CEZAR RIBEIRO(PA, BRASIL);46;2,17;11,11;4,44
SBSN;MAESTRO WILSON FONSECA(PA, BRASIL);SBBR;PRESIDENTE JUSCELINO KUBITSCHEK(DF, BRASIL);13;0;0;0
SBSN;MAESTRO WILSON FONSECA(PA, BRASIL);SBEG;EDUARDO GOMES(AM, BRASIL);16;0;12,5;0
SBSP;CONGONHAS(SP, BRASIL);SBBR;PRESIDENTE JUSCELINO KUBITSCHEK(DF, BRASIL);138;5,07;0;0
SBSP;CONGONHAS(SP, BRASIL);SBCF;TANCREDO NEVES(MG, BRASIL);156;1,28;0;0
SBSP;CONGONHAS(SP, BRASIL);SBCH;SERAFIN ENOSS BERTASO(SC, BRASIL);13;0;0;0
SBSP;CONGONHAS(SP, BRASIL);SBCT;AFONSO PENA(PR, BRASIL);50;4;0;0
SBSP;CONGONHAS(SP, BRASIL);SBCY;MARECHAL RONDON(MT, BRASIL);6;0;0;0
SBSP;CONGONHAS(SP, BRASIL);SBFI;CATARATAS(PR, BRASIL);1;0;0;0
SBSP;CONGONHAS(SP, BRASIL);SBFL;HERCÍLIO LUZ(SC, BRASIL);30;0;0;0
SBSP;CONGONHAS(SP, BRASIL);SBFZ;PINTO MARTINS(CE, BRASIL);3;0;0;0
SBSP;CONGONHAS(SP, BRASIL);SBGO;SANTA GENOVEVA/GOIÂNIA(GO, BRASIL);8;0;0;0
SBSP;CONGONHAS(SP, BRASIL);SBIL;BAHIA - JORGE AMADO(BA, BRASIL);16;0;0;0
SBSP;CONGONHAS(SP, BRASIL);SBJA;REGIONAL SUL(SC, BRASIL);12;0;0;0
SBSP;CONGONHAS(SP, BRASIL);SBJV;LAURO CARNEIRO DE LOYOLA(SC, BRASIL);13;0;0;0
SBSP;CONGONHAS(SP, BRASIL);SBNF;MINISTRO VICTOR KONDER(SC, BRASIL);9;0;0;0
SBSP;CONGONHAS(SP, BRASIL);SBPA;SALGADO FILHO(RS, BRASIL);93;8,6;0;0
SBSP;CONGONHAS(SP, BRASIL);SBPS;PORTO SEGURO(BA, BRASIL);9;0;0;0
SBSP;CONGONHAS(SP, BRASIL);SBRF;GUARARAPES - GILBERTO FREYRE(PE, BRASIL);107;0;0,93;0
SBSP;CONGONHAS(SP, BRASIL);SBRJ;SANTOS DUMONT(RJ, BRASIL);367;6,81;0,29;0,29
SBSP;CONGONHAS(SP, BRASIL);SBRP;LEITE LOPES(SP, BRASIL);47;2,13;4,35;4,35
SBSP;CONGONHAS(SP, BRASIL);SBSR;PROFESSOR ERIBERTO MANOEL REINO(SP, BRASIL);2;0;0;0
SBSP;CONGONHAS(SP, BRASIL);SBSV;DEPUTADO LUÍS EDUARDO MAGALHÃES(BA, BRASIL);111;3,6;1,87;0
SBSP;CONGONHAS(SP, BRASIL);SBVT;EURICO DE AGUIAR SALLES(ES, BRASIL);11;0;0;0
SBSR;PROFESSOR ERIBERTO MANOEL REINO(SP, BRASIL);SBBR;PRESIDENTE JUSCELINO KUBITSCHEK(DF, BRASIL);17;0;0;0
SBSR;PROFESSOR ERIBERTO MANOEL REINO(SP, BRASIL);SBGR;GUARULHOS - GOVERNADOR ANDRÉ FRANCO MONTORO(SP, BRASIL);15;0;6,67;0
SBSR;PROFESSOR ERIBERTO MANOEL REINO(SP, BRASIL);SBKP;VIRACOPOS(SP, BRASIL);85;0;1,18;0
SBSR;PROFESSOR ERIBERTO MANOEL REINO(SP, BRASIL);SBSP;CONGONHAS(SP, BRASIL);2;0;0;0
SBSV;DEPUTADO LUÍS EDUARDO MAGALHÃES(BA, BRASIL);LPPT;LISBOA(, PORTUGAL);6;33,33;0;0
SBSV;DEPUTADO LUÍS EDUARDO MAGALHÃES(BA, BRASIL);SBBR;PRESIDENTE JUSCELINO KUBITSCHEK(DF, BRASIL);69;1,45;0;0
SBSV;DEPUTADO LUÍS EDUARDO MAGALHÃES(BA, BRASIL);SBCF;TANCREDO NEVES(MG, BRASIL);105;0,95;2,88;0,96
SBSV;DEPUTADO LUÍS EDUARDO MAGALHÃES(BA, BRASIL);SBFZ;PINTO MARTINS(CE, BRASIL);15;13,33;7,69;7,69
SBSV;DEPUTADO LUÍS EDUARDO MAGALHÃES(BA, BRASIL);SBGL;AEROPORTO INTERNACIONAL DO RIO DE JANEIRO (GALEÃO) - ANTONIO CARLOS JOBIM(RJ, BRASIL);21;4,76;10;10
SBSV;DEPUTADO LUÍS EDUARDO MAGALHÃES(BA, BRASIL);SBGR;GUARULHOS - GOVERNADOR ANDRÉ FRANCO MONTORO(SP, BRASIL);153;1,96;3,33;2
SBSV;DEPUTADO LUÍS EDUARDO MAGALHÃES(BA, BRASIL);SBIL;BAHIA - JORGE AMADO(BA, BRASIL);13;7,69;8,33;0
SBSV;DEPUTADO LUÍS EDUARDO MAGALHÃES(BA, BRASIL);SBKP;VIRACOPOS(SP, BRASIL);111;0,9;4,55;3,64
SBSV;DEPUTADO LUÍS EDUARDO MAGALHÃES(BA, BRASIL);SBMO;ZUMBI DOS PALMARES(AL, BRASIL);16;18,75;0;0
SBSV;DEPUTADO LUÍS EDUARDO MAGALHÃES(BA, BRASIL);SBPS;PORTO SEGURO(BA, BRASIL);68;4,41;4,62;4,62
SBSV;DEPUTADO LUÍS EDUARDO MAGALHÃES(BA, BRASIL);SBRF;GUARARAPES - GILBERTO FREYRE(PE, BRASIL);90;6,67;3,57;2,38
SBSV;DEPUTADO LUÍS EDUARDO MAGALHÃES(BA, BRASIL);SBRJ;SANTOS DUMONT(RJ, BRASIL);38;2,63;5,41;2,7
SBSV;DEPUTADO LUÍS EDUARDO MAGALHÃES(BA, BRASIL);SBSP;CONGONHAS(SP, BRASIL);109;3,67;0;0
SBSV;DEPUTADO LUÍS EDUARDO MAGALHÃES(BA, BRASIL);SBVC;GLAUBER DE ANDRADE ROCHA(BA, BRASIL);2;100;0;0
SBSV;DEPUTADO LUÍS EDUARDO MAGALHÃES(BA, BRASIL);SCEL;COMODORO ARTURO MERINO BENÍTEZ INTERNATIONAL AIRPORT(, CHILE);8;100;0;0
SBSV;DEPUTADO LUÍS EDUARDO MAGALHÃES(BA, BRASIL);SNBR;BARREIRAS(BA, BRASIL);2;0;50;0
SBTE;SENADOR PETRÔNIO PORTELLA(PI, BRASIL);SBBR;PRESIDENTE JUSCELINO KUBITSCHEK(DF, BRASIL);38;0;2,63;0
SBTE;SENADOR PETRÔNIO PORTELLA(PI, BRASIL);SBGR;GUARULHOS - GOVERNADOR ANDRÉ FRANCO MONTORO(SP, BRASIL);18;0;0;0
SBTE;SENADOR PETRÔNIO PORTELLA(PI, BRASIL);SBKP;VIRACOPOS(SP, BRASIL);49;0;2,04;0
SBTE;SENADOR PETRÔNIO PORTELLA(PI, BRASIL);SBPB;AEROPORTO INTERNACIONAL DE PARNAÍBA / PREFEITO DOUTOR JOÃO SILVA FILHO(PI, BRASIL);4;0;0;0
SBTE;SENADOR PETRÔNIO PORTELLA(PI, BRASIL);SBRF;GUARARAPES - GILBERTO FREYRE(PE, BRASIL);29;0;0;0
SBTF;TEFÉ(AM, BRASIL);SBEG;EDUARDO GOMES(AM, BRASIL);22;9,09;15;10
SBTF;TEFÉ(AM, BRASIL);SBTT;TABATINGA(AM, BRASIL);7;0;0;0
SBTF;TEFÉ(AM, BRASIL);SWEI;EIRUNEPÉ(AM, BRASIL);10;30;14,29;14,29
SBTG;TRÊS LAGOAS(MS, BRASIL);SBKP;VIRACOPOS(SP, BRASIL);13;0;0;0
SBTT;TABATINGA(AM, BRASIL);SBEG;EDUARDO GOMES(AM, BRASIL);28;7,14;3,85;0
SBUA;SÃO GABRIEL DA CACHOEIRA(AM, BRASIL);SBEG;EDUARDO GOMES(AM, BRASIL);14;28,57;40;20
SBUG;RUBEM BERTA(RS, BRASIL);SBNM;SANTO ÂNGELO(RS, BRASIL);20;0;5;5
SBUG;RUBEM BERTA(RS, BRASIL);SBPA;SALGADO FILHO(RS, BRASIL);1;0;0;0
SBUL;TEN CEL AVIADOR CÉSAR BOMBONATO(MG, BRASIL);SBBR;PRESIDENTE JUSCELINO KUBITSCHEK(DF, BRASIL);19;5,26;0;0
SBUL;TEN CEL AVIADOR CÉSAR BOMBONATO(MG, BRASIL);SBCF;TANCREDO NEVES(MG, BRASIL);61;1,64;5;1,67
SBUL;TEN CEL AVIADOR CÉSAR BOMBONATO(MG, BRASIL);SBGR;GUARULHOS - GOVERNADOR ANDRÉ FRANCO MONTORO(SP, BRASIL);30;0;0;0
SBUL;TEN CEL AVIADOR CÉSAR BOMBONATO(MG, BRASIL);SBKP;VIRACOPOS(SP, BRASIL);88;0;3,41;2,27
SBUR;MÁRIO DE ALMEIDA FRANCO(MG, BRASIL);SBCF;TANCREDO NEVES(MG, BRASIL);23;0;4,35;0
SBVC;GLAUBER DE ANDRADE ROCHA(BA, BRASIL);SBCF;TANCREDO NEVES(MG, BRASIL);30;0;3,33;3,33
SBVC;GLAUBER DE ANDRADE ROCHA(BA, BRASIL);SBGR;GUARULHOS - GOVERNADOR ANDRÉ FRANCO MONTORO(SP, BRASIL);23;0;0;0
SBVC;GLAUBER DE ANDRADE ROCHA(BA, BRASIL);SBSV;DEPUTADO LUÍS EDUARDO MAGALHÃES(BA, BRASIL);2;100;0;0
SBVT;EURICO DE AGUIAR SALLES(ES, BRASIL);SBBR;PRESIDENTE JUSCELINO KUBITSCHEK(DF, BRASIL);13;0;7,69;0
SBVT;EURICO DE AGUIAR SALLES(ES, BRASIL);SBCF;TANCREDO NEVES(MG, BRASIL);96;0;2,08;1,04
SBVT;EURICO DE AGUIAR SALLES(ES, BRASIL);SBGR;GUARULHOS - GOVERNADOR ANDRÉ FRANCO MONTORO(SP, BRASIL);102;0,98;0,99;0,99
SBVT;EURICO DE AGUIAR SALLES(ES, BRASIL);SBKP;VIRACOPOS(SP, BRASIL);91;0;1,1;1,1
SBVT;EURICO DE AGUIAR SALLES(ES, BRASIL);SBRJ;SANTOS DUMONT(RJ, BRASIL);37;0;2,7;2,7
SBVT;EURICO DE AGUIAR SALLES(ES, BRASIL);SBSP;CONGONHAS(SP, BRASIL);11;0;0;0
SBZM;REGIONAL DA ZONA DA MATA(MG, BRASIL);SBGR;GUARULHOS - GOVERNADOR ANDRÉ FRANCO MONTORO(SP, BRASIL);2;0;0;0
SBZM;REGIONAL DA ZONA DA MATA(MG, BRASIL);SBKP;VIRACOPOS(SP, BRASIL);20;0;5;5
SCEL;COMODORO ARTURO MERINO BENÍTEZ INTERNATIONAL AIRPORT(, CHILE);SBFI;CATARATAS(PR, BRASIL);9;100;0;0
SCEL;COMODORO ARTURO MERINO BENÍTEZ INTERNATIONAL AIRPORT(, CHILE);SBGR;GUARULHOS - GOVERNADOR ANDRÉ FRANCO MONTORO(SP, BRASIL);16;6,25;6,67;6,67
SCEL;COMODORO ARTURO MERINO BENÍTEZ INTERNATIONAL AIRPORT(, CHILE);SBSV;DEPUTADO LUÍS EDUARDO MAGALHÃES(BA, BRASIL);8;100;0;0
SDSC;MÁRIO PEREIRA LOPES(SP, BRASIL);SKBO;EL DORADO INTERNATIONAL AIRPORT(, COLÔMBIA);1;100;0;0
SGAS;SILVIO PETTIROSSI INTERNATIONAL AIRPORT(, PARAGUAI);SBGR;GUARULHOS - GOVERNADOR ANDRÉ FRANCO MONTORO(SP, BRASIL);14;0;0;0
SKBO;EL DORADO INTERNATIONAL AIRPORT(, COLÔMBIA);SBGR;GUARULHOS - GOVERNADOR ANDRÉ FRANCO MONTORO(SP, BRASIL);1;0;0;0
SLVR;VIRU VIRU INTERNATIONAL AIRPORT(, BOLÍVIA);SBGR;GUARULHOS - GOVERNADOR ANDRÉ FRANCO MONTORO(SP, BRASIL);21;9,52;10,53;0
SNBR;BARREIRAS(BA, BRASIL);SBBR;PRESIDENTE JUSCELINO KUBITSCHEK(DF, BRASIL);9;0;11,11;0
SNBR;BARREIRAS(BA, BRASIL);SBCF;TANCREDO NEVES(MG, BRASIL);16;6,25;0;0
SNBR;BARREIRAS(BA, BRASIL);SBSV;DEPUTADO LUÍS EDUARDO MAGALHÃES(BA, BRASIL);2;0;0;0
SNHS;SANTA MAGALHÃES(PE, BRASIL);SBRF;GUARARAPES - GILBERTO FREYRE(PE, BRASIL);26;0;11,54;3,85
SNRU;OSCAR LARANJEIRAS(PE, BRASIL);SBRF;GUARARAPES - GILBERTO FREYRE(PE, BRASIL);21;0;0;0
SNTF;TEIXEIRA DE FREITAS(BA, BRASIL);SBCF;TANCREDO NEVES(MG, BRASIL);15;0;0;0
SNVS;BREVES(PA, BRASIL);SBBE;INTERNACIONAL DE BELÉM/VAL DE CANS/JÚLIO CEZAR RIBEIRO(PA, BRASIL);21;23,81;12,5;6,25
SNYA;ALMEIRIM(PA, BRASIL);SBBE;INTERNACIONAL DE BELÉM/VAL DE CANS/JÚLIO CEZAR RIBEIRO(PA, BRASIL);12;16,67;10;10
SPJC;JORGE CHÁVEZ INTERNATIONAL AIRPORT(, PERU);SBGR;GUARULHOS - GOVERNADOR ANDRÉ FRANCO MONTORO(SP, BRASIL);3;100;0;0
SUMU;CARRASCO GRAL. CESÁREO L. BERISSO INTERNATIONAL AIRPORT(, URUGUAI);SBGR;GUARULHOS - GOVERNADOR ANDRÉ FRANCO MONTORO(SP, BRASIL);10;0;0;0
SWCA;CARAUARI(AM, BRASIL);SBEG;EDUARDO GOMES(AM, BRASIL);8;0;25;25
SWCA;CARAUARI(AM, BRASIL);SWKO;COARI(AM, BRASIL);4;50;50;50
SWEI;EIRUNEPÉ(AM, BRASIL);SBEG;EDUARDO GOMES(AM, BRASIL);2;100;0;0
SWEI;EIRUNEPÉ(AM, BRASIL);SBTF;TEFÉ(AM, BRASIL);12;16,67;100;20
SWGN;ARAGUAÍNA(TO, BRASIL);SBBR;PRESIDENTE JUSCELINO KUBITSCHEK(DF, BRASIL);8;0;0;0
SWHP;OLHOS D´ÁGUA(MT, BRASIL);SBCY;MARECHAL RONDON(MT, BRASIL);13;0;15,38;0
SWHP;OLHOS D´ÁGUA(MT, BRASIL);SWFX;SÃO FÉLIX DO ARAGUAIA(MT, BRASIL);10;50;0;0
SWJN;JUÍNA(MT, BRASIL);SBCY;MARECHAL RONDON(MT, BRASIL);5;0;0;0
SWJN;JUÍNA(MT, BRASIL);SWTS;TANGARÁ DA SERRA(MT, BRASIL);10;20;0;0
SWKO;COARI(AM, BRASIL);SBEG;EDUARDO GOMES(AM, BRASIL);9;44,44;60;40
SWKO;COARI(AM, BRASIL);SWLB;LÁBREA(AM, BRASIL);5;40;33,33;33,33
SWLB;LÁBREA(AM, BRASIL);SWKO;COARI(AM, BRASIL);5;40;33,33;33,33
SWLC;GENERAL LEITE DE CASTRO(GO, BRASIL);SBKP;VIRACOPOS(SP, BRASIL);10;0;0;0
SWPI;JÚLIO BÉLEM(AM, BRASIL);SBEG;EDUARDO GOMES(AM, BRASIL);23;17,39;26,32;10,53
SWPI;JÚLIO BÉLEM(AM, BRASIL);SBIH;ITAITUBA(PA, BRASIL);7;28,57;0;0
SWTS;TANGARÁ DA SERRA(MT, BRASIL);SBCY;MARECHAL RONDON(MT, BRASIL);21;33,33;28,57;0
TJBQ;RAFAEL HERNÁNDEZ AIRPORT(, PORTO RICO);KMEM;MEMPHIS INTERNATIONAL AIRPORT(, ESTADOS UNIDOS DA AMÉRICA);9;0;0;0
TJBQ;RAFAEL HERNÁNDEZ AIRPORT(, PORTO RICO);SBKP;VIRACOPOS(SP, BRASIL);4;0;25;25
